lId,iReport,sName,sUnit,sEquation,sDescription,sRemark,-1,code versie 5.09.00,code versie 5.09.00,code versie 5.09.00,code versie 5.09.00,v00-v01,v00-v02,v00-v03
0,0,_sMixDepthW0_,_m_,-,Mixing_depth,-,-1,_sMixDepthW0_ = _IF_ (_InitDepth_ _EQ_ _TRUE_) _THEN_ _mMixDepth_ _ELSE_  _cMixDepthW0_ _ENDIF_ ,_sMixDepthW0_ = _IF_ (_InitDepth_ _EQ_ _TRUE_) _THEN_ _mMixDepth_ _ELSE_  _cMixDepthW0_ _ENDIF_ ,_sMixDepthW0_ = _IF_ (_InitDepth_ _EQ_ _TRUE_) _THEN_ _mMixDepth_ _ELSE_  _cMixDepthW0_ _ENDIF_ ,_sMixDepthW0_ = _IF_ (_InitDepth_ _EQ_ _TRUE_) _THEN_ _mMixDepth_ _ELSE_  _cMixDepthW0_ _ENDIF_ ,TRUE,TRUE,TRUE
1,0,_aInclStrat0_,_m_,-,Presence_of_stratification,-,-1,_aInclStrat0_ =_IF_ ( _InclStrat_ _EQ_ _FALSE_ _OR_ _sMixDepthW0_ _GT_ _cDepthWInit0_ - _cMinDepthHypEpi_ ) _THEN_ 0.0 _ELSE_ 1.0 _ENDIF_,_aInclStrat0_ =_IF_ ( _InclStrat_ _EQ_ _FALSE_ _OR_ _sMixDepthW0_ _GT_ _cDepthWInit0_ - _cMinDepthHypEpi_ ) _THEN_ 0.0 _ELSE_ 1.0 _ENDIF_,_aInclStrat0_ =_IF_ ( _InclStrat_ _EQ_ _FALSE_ _OR_ _sMixDepthW0_ _GT_ _cDepthWInit0_ - _cMinDepthHypEpi_ ) _THEN_ 0.0 _ELSE_ 1.0 _ENDIF_,_aInclStrat0_ =_IF_ ( _InclStrat_ _EQ_ _FALSE_ _OR_ _sMixDepthW0_ _GT_ _cDepthWInit0_ - _cMinDepthHypEpi_ ) _THEN_ 0.0 _ELSE_ 1.0 _ENDIF_,TRUE,TRUE,TRUE
2,0,_sDepthW0_,_m_,-,Total_Depth_of_lake_water,-,-1,_sDepthW0_ = _IF_ (_InitDepth_ _EQ_ _TRUE_) _THEN_ _cDepthWInit0_ _ELSE_  _cDepthW0_ _ENDIF_ ,_sDepthW0_ = _IF_ (_InitDepth_ _EQ_ _TRUE_) _THEN_ _cDepthWInit0_ _ELSE_  _cDepthW0_ _ENDIF_ ,_sDepthW0_ = _IF_ (_InitDepth_ _EQ_ _TRUE_) _THEN_ _cDepthWInit0_ _ELSE_  _cDepthW0_ _ENDIF_ ,_sDepthW0_ = _IF_ (_InitDepth_ _EQ_ _TRUE_) _THEN_ _cDepthWInit0_ _ELSE_  _cDepthW0_ _ENDIF_ ,TRUE,TRUE,TRUE
3,0,_MassHyp0_,_m_,-,Conversion_factor_from_concentration_to_mass,-,-1,_MassHyp0_ = _IF_ ( _CalcMass_ _EQ_ _TRUE_  _AND_ _aInclStrat0_ _EQ_ _TRUE_ ) _THEN_ _sDepthW0_ - _sMixDepthW0_ _ELSE_ _cMinDepthHypEpi_ _ENDIF_ ,_MassHyp0_ = _IF_ ( _CalcMass_ _EQ_ _TRUE_  _AND_ _aInclStrat0_ _EQ_ _TRUE_ ) _THEN_ _sDepthW0_ - _sMixDepthW0_ _ELSE_ _cMinDepthHypEpi_ _ENDIF_ ,_MassHyp0_ = _IF_ ( _CalcMass_ _EQ_ _TRUE_  _AND_ _aInclStrat0_ _EQ_ _TRUE_ ) _THEN_ _sDepthW0_ - _sMixDepthW0_ _ELSE_ _cMinDepthHypEpi_ _ENDIF_ ,_MassHyp0_ = _IF_ ( _CalcMass_ _EQ_ _TRUE_  _AND_ _aInclStrat0_ _EQ_ _TRUE_ ) _THEN_ _sDepthW0_ - _sMixDepthW0_ _ELSE_ _cMinDepthHypEpi_ _ENDIF_ ,TRUE,TRUE,TRUE
4,0,_sNH4WHyp0_,_gN_*_m_^-2,-,N_in_NH4_in_hypolimnion_lake_water,-,-1,_sNH4WHyp0_ = _cNH4WHyp0_ *_MassHyp0_,_sNH4WHyp0_ = _cNH4WHyp0_ *_MassHyp0_,_sNH4WHyp0_ = _cNH4WHyp0_ *_MassHyp0_,_sNH4WHyp0_ = _cNH4WHyp0_ *_MassHyp0_,TRUE,TRUE,TRUE
5,0,_sNO3WHyp0_,_gN_*_m_^-2,-,N_in_NO3_in_hypolimnion_lake_water,-,-1,_sNO3WHyp0_ = _cNO3WHyp0_ *_MassHyp0_,_sNO3WHyp0_ = _cNO3WHyp0_ *_MassHyp0_,_sNO3WHyp0_ = _cNO3WHyp0_ *_MassHyp0_,_sNO3WHyp0_ = _cNO3WHyp0_ *_MassHyp0_,TRUE,TRUE,TRUE
6,0,_sPO4WHyp0_,_gP_*_m_^-2,-,P_in_PO4_in_hypolimnion_lake_water,-,-1,_sPO4WHyp0_ = _cPO4WHyp0_ *_MassHyp0_,_sPO4WHyp0_ = _cPO4WHyp0_ *_MassHyp0_,_sPO4WHyp0_ = _cPO4WHyp0_ *_MassHyp0_,_sPO4WHyp0_ = _cPO4WHyp0_ *_MassHyp0_,TRUE,TRUE,TRUE
7,0,_sPAIMWHyp0_,_gP_*_m_^-2,-,P_adsorbed_onto_IM_in_hypolimnion_lake_water,-,-1,_sPAIMWHyp0_ = _cPAIMWHyp0_ *_MassHyp0_,_sPAIMWHyp0_ = _cPAIMWHyp0_ *_MassHyp0_,_sPAIMWHyp0_ = _cPAIMWHyp0_ *_MassHyp0_,_sPAIMWHyp0_ = _cPAIMWHyp0_ *_MassHyp0_,TRUE,TRUE,TRUE
8,0,_sSiO2WHyp0_,_gSi_*_m_^-2,-,Dissolved_Si_in_hypolimnion_lake_water,-,-1,_sSiO2WHyp0_ = _cSiO2WHyp0_ *_MassHyp0_,_sSiO2WHyp0_ = _cSiO2WHyp0_ *_MassHyp0_,_sSiO2WHyp0_ = _cSiO2WHyp0_ *_MassHyp0_,_sSiO2WHyp0_ = _cSiO2WHyp0_ *_MassHyp0_,TRUE,TRUE,TRUE
9,0,_sO2WHyp0_,_gO2_*_m_^-2,-,Oxygen_in_hypolimnion_lake_water,-,-1,_sO2WHyp0_ = _cO2WHyp0_ *_MassHyp0_,_sO2WHyp0_ = _cO2WHyp0_ *_MassHyp0_,_sO2WHyp0_ = _cO2WHyp0_ *_MassHyp0_,_sO2WHyp0_ = _cO2WHyp0_ *_MassHyp0_,TRUE,TRUE,TRUE
10,0,_sDDetWHyp0_,_gDW_*_m_^-2,-,Detritus_DW_in_hypolimnion_lake_water,-,-1,_sDDetWHyp0_ = _cDDetWHyp0_ *_MassHyp0_,_sDDetWHyp0_ = _cDDetWHyp0_ *_MassHyp0_,_sDDetWHyp0_ = _cDDetWHyp0_ *_MassHyp0_,_sDDetWHyp0_ = _cDDetWHyp0_ *_MassHyp0_,TRUE,TRUE,TRUE
11,0,_sNDetWHyp0_,_gN_*_m_^-2,-,Detritus_N_in_hypolimnion_lake_water,-,-1,_sNDetWHyp0_ = _IF_ (_InitCalc_ _EQ_ _TRUE_) _THEN_ _cNDDet0_ * _sDDetWHyp0_ _ELSE_ _cNDetWHyp0_ *_MassHyp0_ _ENDIF_,_sNDetWHyp0_ = _IF_ (_InitCalc_ _EQ_ _TRUE_) _THEN_ _cNDDet0_ * _sDDetWHyp0_ _ELSE_ _cNDetWHyp0_ *_MassHyp0_ _ENDIF_,_sNDetWHyp0_ = _IF_ (_InitCalc_ _EQ_ _TRUE_) _THEN_ _cNDDet0_ * _sDDetWHyp0_ _ELSE_ _cNDetWHyp0_ *_MassHyp0_ _ENDIF_,_sNDetWHyp0_ = _IF_ (_InitCalc_ _EQ_ _TRUE_) _THEN_ _cNDDet0_ * _sDDetWHyp0_ _ELSE_ _cNDetWHyp0_ *_MassHyp0_ _ENDIF_,TRUE,TRUE,TRUE
12,0,_sPDetWHyp0_,_gP_*_m_^-2,-,Detritus_P_in_hypolimnion_lake_water,-,-1,_sPDetWHyp0_ = _IF_ (_InitCalc_ _EQ_ _TRUE_) _THEN_ _cPDDet0_ * _sDDetWHyp0_ _ELSE_ _cPDetWHyp0_ *_MassHyp0_ _ENDIF_,_sPDetWHyp0_ = _IF_ (_InitCalc_ _EQ_ _TRUE_) _THEN_ _cPDDet0_ * _sDDetWHyp0_ _ELSE_ _cPDetWHyp0_ *_MassHyp0_ _ENDIF_,_sPDetWHyp0_ = _IF_ (_InitCalc_ _EQ_ _TRUE_) _THEN_ _cPDDet0_ * _sDDetWHyp0_ _ELSE_ _cPDetWHyp0_ *_MassHyp0_ _ENDIF_,_sPDetWHyp0_ = _IF_ (_InitCalc_ _EQ_ _TRUE_) _THEN_ _cPDDet0_ * _sDDetWHyp0_ _ELSE_ _cPDetWHyp0_ *_MassHyp0_ _ENDIF_,TRUE,TRUE,TRUE
13,0,_sSiDetWHyp0_,_gSi_*_m_^-2,-,Detritus_Si_in_hypolimnion_lake_water,-,-1,_sSiDetWHyp0_ = _IF_ (_InitCalc_ _EQ_ _TRUE_) _THEN_ _cSiDDet0_ * _sDDetWHyp0_ _ELSE_ _cSiDetWHyp0_ *_MassHyp0_ _ENDIF_,_sSiDetWHyp0_ = _IF_ (_InitCalc_ _EQ_ _TRUE_) _THEN_ _cSiDDet0_ * _sDDetWHyp0_ _ELSE_ _cSiDetWHyp0_ *_MassHyp0_ _ENDIF_,_sSiDetWHyp0_ = _IF_ (_InitCalc_ _EQ_ _TRUE_) _THEN_ _cSiDDet0_ * _sDDetWHyp0_ _ELSE_ _cSiDetWHyp0_ *_MassHyp0_ _ENDIF_,_sSiDetWHyp0_ = _IF_ (_InitCalc_ _EQ_ _TRUE_) _THEN_ _cSiDDet0_ * _sDDetWHyp0_ _ELSE_ _cSiDetWHyp0_ *_MassHyp0_ _ENDIF_,TRUE,TRUE,TRUE
14,0,_sDIMWHyp0_,_gDW_*_m_^-2,-,Inorganic_matter_in_hypolimnion_lake_water,-,-1,_sDIMWHyp0_ = _cDIMWHyp0_ *_MassHyp0_,_sDIMWHyp0_ = _cDIMWHyp0_ *_MassHyp0_,_sDIMWHyp0_ = _cDIMWHyp0_ *_MassHyp0_,_sDIMWHyp0_ = _cDIMWHyp0_ *_MassHyp0_,TRUE,TRUE,TRUE
15,0,_sDDiatWHyp0_,_gDW_*_m_^-2,-,Diatoms_DW_in_hypolimnion_lake_water,-,-1,_sDDiatWHyp0_ = _cDDiatWHyp0_ *_MassHyp0_,_sDDiatWHyp0_ = _cDDiatWHyp0_ *_MassHyp0_,_sDDiatWHyp0_ = _cDDiatWHyp0_ *_MassHyp0_,_sDDiatWHyp0_ = _cDDiatWHyp0_ *_MassHyp0_,TRUE,TRUE,TRUE
16,0,_sNDiatWHyp0_,_gN_*_m_^-2,-,Diatoms_N_in_hypolimnion_lake_water,-,-1,_sNDiatWHyp0_ = _IF_ (_InitCalc_ _EQ_ _TRUE_) _THEN_ _cNDDiat0_ * _sDDiatWHyp0_ _ELSE_ _cNDiatWHyp0_ *_MassHyp0_ _ENDIF_,_sNDiatWHyp0_ = _IF_ (_InitCalc_ _EQ_ _TRUE_) _THEN_ _cNDDiat0_ * _sDDiatWHyp0_ _ELSE_ _cNDiatWHyp0_ *_MassHyp0_ _ENDIF_,_sNDiatWHyp0_ = _IF_ (_InitCalc_ _EQ_ _TRUE_) _THEN_ _cNDDiat0_ * _sDDiatWHyp0_ _ELSE_ _cNDiatWHyp0_ *_MassHyp0_ _ENDIF_,_sNDiatWHyp0_ = _IF_ (_InitCalc_ _EQ_ _TRUE_) _THEN_ _cNDDiat0_ * _sDDiatWHyp0_ _ELSE_ _cNDiatWHyp0_ *_MassHyp0_ _ENDIF_,TRUE,TRUE,TRUE
17,0,_sPDiatWHyp0_,_gP_*_m_^-2,-,Diatoms_P_in_hypolimnion_lake_water,-,-1,_sPDiatWHyp0_ = _IF_ (_InitCalc_ _EQ_ _TRUE_) _THEN_ _cPDDiat0_ * _sDDiatWHyp0_ _ELSE_ _cPDiatWHyp0_ *_MassHyp0_ _ENDIF_,_sPDiatWHyp0_ = _IF_ (_InitCalc_ _EQ_ _TRUE_) _THEN_ _cPDDiat0_ * _sDDiatWHyp0_ _ELSE_ _cPDiatWHyp0_ *_MassHyp0_ _ENDIF_,_sPDiatWHyp0_ = _IF_ (_InitCalc_ _EQ_ _TRUE_) _THEN_ _cPDDiat0_ * _sDDiatWHyp0_ _ELSE_ _cPDiatWHyp0_ *_MassHyp0_ _ENDIF_,_sPDiatWHyp0_ = _IF_ (_InitCalc_ _EQ_ _TRUE_) _THEN_ _cPDDiat0_ * _sDDiatWHyp0_ _ELSE_ _cPDiatWHyp0_ *_MassHyp0_ _ENDIF_,TRUE,TRUE,TRUE
18,0,_sDGrenWHyp0_,_gDW_*_m_^-2,-,Green_algae_DW_in_hypolimnion_lake_water,-,-1,_sDGrenWHyp0_ = _cDGrenWHyp0_ *_MassHyp0_,_sDGrenWHyp0_ = _cDGrenWHyp0_ *_MassHyp0_,_sDGrenWHyp0_ = _cDGrenWHyp0_ *_MassHyp0_,_sDGrenWHyp0_ = _cDGrenWHyp0_ *_MassHyp0_,TRUE,TRUE,TRUE
19,0,_sNGrenWHyp0_,_gN_*_m_^-2,-,Green_algae_N_in_hypolimnion_lake_water,-,-1,_sNGrenWHyp0_ = _IF_ (_InitCalc_ _EQ_ _TRUE_) _THEN_ _cNDGren0_ * _sDGrenWHyp0_ _ELSE_ _cNGrenWHyp0_ *_MassHyp0_ _ENDIF_,_sNGrenWHyp0_ = _IF_ (_InitCalc_ _EQ_ _TRUE_) _THEN_ _cNDGren0_ * _sDGrenWHyp0_ _ELSE_ _cNGrenWHyp0_ *_MassHyp0_ _ENDIF_,_sNGrenWHyp0_ = _IF_ (_InitCalc_ _EQ_ _TRUE_) _THEN_ _cNDGren0_ * _sDGrenWHyp0_ _ELSE_ _cNGrenWHyp0_ *_MassHyp0_ _ENDIF_,_sNGrenWHyp0_ = _IF_ (_InitCalc_ _EQ_ _TRUE_) _THEN_ _cNDGren0_ * _sDGrenWHyp0_ _ELSE_ _cNGrenWHyp0_ *_MassHyp0_ _ENDIF_,TRUE,TRUE,TRUE
20,0,_sPGrenWHyp0_,_gP_*_m_^-2,-,Green_algae_P_in_hypolimnion_lake_water,-,-1,_sPGrenWHyp0_ = _IF_ (_InitCalc_ _EQ_ _TRUE_) _THEN_ _cPDGren0_ * _sDGrenWHyp0_ _ELSE_ _cPGrenWHyp0_ *_MassHyp0_ _ENDIF_,_sPGrenWHyp0_ = _IF_ (_InitCalc_ _EQ_ _TRUE_) _THEN_ _cPDGren0_ * _sDGrenWHyp0_ _ELSE_ _cPGrenWHyp0_ *_MassHyp0_ _ENDIF_,_sPGrenWHyp0_ = _IF_ (_InitCalc_ _EQ_ _TRUE_) _THEN_ _cPDGren0_ * _sDGrenWHyp0_ _ELSE_ _cPGrenWHyp0_ *_MassHyp0_ _ENDIF_,_sPGrenWHyp0_ = _IF_ (_InitCalc_ _EQ_ _TRUE_) _THEN_ _cPDGren0_ * _sDGrenWHyp0_ _ELSE_ _cPGrenWHyp0_ *_MassHyp0_ _ENDIF_,TRUE,TRUE,TRUE
21,0,_sDBlueWHyp0_,_gDW_*_m_^-2,-,Blue-greens_DW_in_hypolimnion_lake_water,-,-1,_sDBlueWHyp0_ = _cDBlueWHyp0_ *_MassHyp0_,_sDBlueWHyp0_ = _cDBlueWHyp0_ *_MassHyp0_,_sDBlueWHyp0_ = _cDBlueWHyp0_ *_MassHyp0_,_sDBlueWHyp0_ = _cDBlueWHyp0_ *_MassHyp0_,TRUE,TRUE,TRUE
22,0,_sNBlueWHyp0_,_gN_*_m_^-2,-,Blue-greens_N_in_hypolimnion_lake_water,-,-1,_sNBlueWHyp0_ = _IF_ (_InitCalc_ _EQ_ _TRUE_) _THEN_ _cNDBlue0_ * _sDBlueWHyp0_ _ELSE_ _cNBlueWHyp0_*_MassHyp0_ _ENDIF_,_sNBlueWHyp0_ = _IF_ (_InitCalc_ _EQ_ _TRUE_) _THEN_ _cNDBlue0_ * _sDBlueWHyp0_ _ELSE_ _cNBlueWHyp0_*_MassHyp0_ _ENDIF_,_sNBlueWHyp0_ = _IF_ (_InitCalc_ _EQ_ _TRUE_) _THEN_ _cNDBlue0_ * _sDBlueWHyp0_ _ELSE_ _cNBlueWHyp0_*_MassHyp0_ _ENDIF_,_sNBlueWHyp0_ = _IF_ (_InitCalc_ _EQ_ _TRUE_) _THEN_ _cNDBlue0_ * _sDBlueWHyp0_ _ELSE_ _cNBlueWHyp0_*_MassHyp0_ _ENDIF_,TRUE,TRUE,TRUE
23,0,_sPBlueWHyp0_,_gP_*_m_^-2,-,Blue-greens_P_in_hypolimnion_lake_water,-,-1,_sPBlueWHyp0_ = _IF_ (_InitCalc_ _EQ_ _TRUE_) _THEN_ _cPDBlue0_ * _sDBlueWHyp0_ _ELSE_ _cPBlueWHyp0_ *_MassHyp0_ _ENDIF_,_sPBlueWHyp0_ = _IF_ (_InitCalc_ _EQ_ _TRUE_) _THEN_ _cPDBlue0_ * _sDBlueWHyp0_ _ELSE_ _cPBlueWHyp0_ *_MassHyp0_ _ENDIF_,_sPBlueWHyp0_ = _IF_ (_InitCalc_ _EQ_ _TRUE_) _THEN_ _cPDBlue0_ * _sDBlueWHyp0_ _ELSE_ _cPBlueWHyp0_ *_MassHyp0_ _ENDIF_,_sPBlueWHyp0_ = _IF_ (_InitCalc_ _EQ_ _TRUE_) _THEN_ _cPDBlue0_ * _sDBlueWHyp0_ _ELSE_ _cPBlueWHyp0_ *_MassHyp0_ _ENDIF_,TRUE,TRUE,TRUE
24,0,_sDZooHyp0_,_gDW_*_m_^-2,-,Zooplankton_DW_in_hypolimnion_lake_water,-,-1,_sDZooHyp0_ = _cDZooHyp0_ *_MassHyp0_,_sDZooHyp0_ = _cDZooHyp0_ *_MassHyp0_,_sDZooHyp0_ = _cDZooHyp0_ *_MassHyp0_,_sDZooHyp0_ = _cDZooHyp0_ *_MassHyp0_,TRUE,TRUE,TRUE
25,0,_sNZooHyp0_,_gN_*_m_^-2,-,Zooplankton_N_in_hypolimnion_lake_water,-,-1,_sNZooHyp0_ = _IF_ (_InitCalc_ _EQ_ _TRUE_) _THEN_ _cNDZooRef_ * _sDZooHyp0_ _ELSE_ _cNZooHyp0_ *_MassHyp0_ _ENDIF_,_sNZooHyp0_ = _IF_ (_InitCalc_ _EQ_ _TRUE_) _THEN_ _cNDZooRef_ * _sDZooHyp0_ _ELSE_ _cNZooHyp0_ *_MassHyp0_ _ENDIF_,_sNZooHyp0_ = _IF_ (_InitCalc_ _EQ_ _TRUE_) _THEN_ _cNDZooRef_ * _sDZooHyp0_ _ELSE_ _cNZooHyp0_ *_MassHyp0_ _ENDIF_,_sNZooHyp0_ = _IF_ (_InitCalc_ _EQ_ _TRUE_) _THEN_ _cNDZooRef_ * _sDZooHyp0_ _ELSE_ _cNZooHyp0_ *_MassHyp0_ _ENDIF_,TRUE,TRUE,TRUE
26,0,_sPZooHyp0_,_gP_*_m_^-2,-,Zooplankton_P_in_hypolimnion_lake_water,-,-1,_sPZooHyp0_ = _IF_ (_InitCalc_ _EQ_ _TRUE_) _THEN_ _cPDZooRef_ * _sDZooHyp0_ _ELSE_ _cPZooHyp0_ *_MassHyp0_ _ENDIF_,_sPZooHyp0_ = _IF_ (_InitCalc_ _EQ_ _TRUE_) _THEN_ _cPDZooRef_ * _sDZooHyp0_ _ELSE_ _cPZooHyp0_ *_MassHyp0_ _ENDIF_,_sPZooHyp0_ = _IF_ (_InitCalc_ _EQ_ _TRUE_) _THEN_ _cPDZooRef_ * _sDZooHyp0_ _ELSE_ _cPZooHyp0_ *_MassHyp0_ _ENDIF_,_sPZooHyp0_ = _IF_ (_InitCalc_ _EQ_ _TRUE_) _THEN_ _cPDZooRef_ * _sDZooHyp0_ _ELSE_ _cPZooHyp0_ *_MassHyp0_ _ENDIF_,TRUE,TRUE,TRUE
27,0,_sDFiAd0_,_gDW_*_m_^-2,-,Adult_fish_DW_in_lake_water,-,-1,_sDFiAd0_ = _cDFiAd0_,_sDFiAd0_ = _cDFiAd0_,_sDFiAd0_ = _cDFiAd0_,_sDFiAd0_ = _cDFiAd0_,TRUE,TRUE,TRUE
28,0,_sDFiJv0_,_gDW_*_m_^-2,-,Young_fish_DW_in_lake_water,-,-1,_sDFiJv0_ = _cDFiJv0_,_sDFiJv0_ = _cDFiJv0_,_sDFiJv0_ = _cDFiJv0_,_sDFiJv0_ = _cDFiJv0_,TRUE,TRUE,TRUE
29,0,_sNFiAd0_,_gN_*_m_^-2,-,Adult_fish_N_in_lake_water,-,-1,_sNFiAd0_ = _IF_ (_InitCalc_ _EQ_ _TRUE_) _THEN_ _cNDFishRef_ * _sDFiAd0_ _ELSE_ _cNFiAd0_ _ENDIF_,_sNFiAd0_ = _IF_ (_InitCalc_ _EQ_ _TRUE_) _THEN_ _cNDFishRef_ * _sDFiAd0_ _ELSE_ _cNFiAd0_ _ENDIF_,_sNFiAd0_ = _IF_ (_InitCalc_ _EQ_ _TRUE_) _THEN_ _cNDFishRef_ * _sDFiAd0_ _ELSE_ _cNFiAd0_ _ENDIF_,_sNFiAd0_ = _IF_ (_InitCalc_ _EQ_ _TRUE_) _THEN_ _cNDFishRef_ * _sDFiAd0_ _ELSE_ _cNFiAd0_ _ENDIF_,TRUE,TRUE,TRUE
30,0,_sNFiJv0_,_gN_*_m_^-2,-,Young_fish_N_in_lake_water,-,-1,_sNFiJv0_ = _IF_ (_InitCalc_ _EQ_ _TRUE_) _THEN_ _cNDFishRef_ * _sDFiJv0_ _ELSE_ _cNFiJv0_ _ENDIF_,_sNFiJv0_ = _IF_ (_InitCalc_ _EQ_ _TRUE_) _THEN_ _cNDFishRef_ * _sDFiJv0_ _ELSE_ _cNFiJv0_ _ENDIF_,_sNFiJv0_ = _IF_ (_InitCalc_ _EQ_ _TRUE_) _THEN_ _cNDFishRef_ * _sDFiJv0_ _ELSE_ _cNFiJv0_ _ENDIF_,_sNFiJv0_ = _IF_ (_InitCalc_ _EQ_ _TRUE_) _THEN_ _cNDFishRef_ * _sDFiJv0_ _ELSE_ _cNFiJv0_ _ENDIF_,TRUE,TRUE,TRUE
31,0,_sPFiAd0_,_gP_*_m_^-2,-,Adult_fish_P_in_lake_water,-,-1,_sPFiAd0_ = _IF_ (_InitCalc_ _EQ_ _TRUE_) _THEN_ _cPDFishRef_ * _sDFiAd0_ _ELSE_ _cPFiAd0_ _ENDIF_,_sPFiAd0_ = _IF_ (_InitCalc_ _EQ_ _TRUE_) _THEN_ _cPDFishRef_ * _sDFiAd0_ _ELSE_ _cPFiAd0_ _ENDIF_,_sPFiAd0_ = _IF_ (_InitCalc_ _EQ_ _TRUE_) _THEN_ _cPDFishRef_ * _sDFiAd0_ _ELSE_ _cPFiAd0_ _ENDIF_,_sPFiAd0_ = _IF_ (_InitCalc_ _EQ_ _TRUE_) _THEN_ _cPDFishRef_ * _sDFiAd0_ _ELSE_ _cPFiAd0_ _ENDIF_,TRUE,TRUE,TRUE
32,0,_sPFiJv0_,_gP_*_m_^-2,-,Young_fish_P_in_lake_water,-,-1,_sPFiJv0_ = _IF_ (_InitCalc_ _EQ_ _TRUE_) _THEN_ _cPDFishRef_ * _sDFiJv0_ _ELSE_ _cPFiJv0_ _ENDIF_,_sPFiJv0_ = _IF_ (_InitCalc_ _EQ_ _TRUE_) _THEN_ _cPDFishRef_ * _sDFiJv0_ _ELSE_ _cPFiJv0_ _ENDIF_,_sPFiJv0_ = _IF_ (_InitCalc_ _EQ_ _TRUE_) _THEN_ _cPDFishRef_ * _sDFiJv0_ _ELSE_ _cPFiJv0_ _ENDIF_,_sPFiJv0_ = _IF_ (_InitCalc_ _EQ_ _TRUE_) _THEN_ _cPDFishRef_ * _sDFiJv0_ _ELSE_ _cPFiJv0_ _ENDIF_,TRUE,TRUE,TRUE
33,0,_sDPisc0_,_gDW_*_m_^-2,-,Predatory_fish_DW_in_lake_water,-,-1,_sDPisc0_ = _cDPisc0_,_sDPisc0_ = _cDPisc0_,_sDPisc0_ = _cDPisc0_,_sDPisc0_ = _cDPisc0_,TRUE,TRUE,TRUE
34,0,_MassEpi0_,_m_,-,Conversion_factor_from_concentration_to_mass,-,-1,_MassEpi0_ = _IF_ _CalcMass_ _EQ_ _TRUE_ _AND_ _sDepthW0_ _GE_ _sMixDepthW0_ _THEN_ _sMixDepthW0_ _ELSEIF_  _CalcMass_ _EQ_ _TRUE_ _THEN_ _sDepthW0_ _ELSE_ 1.0 _ENDIF_,_MassEpi0_ = _IF_ _CalcMass_ _EQ_ _TRUE_ _AND_ _sDepthW0_ _GE_ _sMixDepthW0_ _THEN_ _sMixDepthW0_ _ELSEIF_  _CalcMass_ _EQ_ _TRUE_ _THEN_ _sDepthW0_ _ELSE_ 1.0 _ENDIF_,_MassEpi0_ = _IF_ _CalcMass_ _EQ_ _TRUE_ _AND_ _sDepthW0_ _GE_ _sMixDepthW0_ _THEN_ _sMixDepthW0_ _ELSEIF_  _CalcMass_ _EQ_ _TRUE_ _THEN_ _sDepthW0_ _ELSE_ 1.0 _ENDIF_,_MassEpi0_ = _IF_ _CalcMass_ _EQ_ _TRUE_ _AND_ _sDepthW0_ _GE_ _sMixDepthW0_ _THEN_ _sMixDepthW0_ _ELSEIF_  _CalcMass_ _EQ_ _TRUE_ _THEN_ _sDepthW0_ _ELSE_ 1.0 _ENDIF_,TRUE,TRUE,TRUE
35,0,_sNH4WEpi0_,_gN_*_m_^-2,-,N_in_NH4_in_epilimnion_lake_water,-,-1,_sNH4WEpi0_ = _cNH4WEpi0_ * _MassEpi0_,_sNH4WEpi0_ = _cNH4WEpi0_ * _MassEpi0_,_sNH4WEpi0_ = _cNH4WEpi0_ * _MassEpi0_,_sNH4WEpi0_ = _cNH4WEpi0_ * _MassEpi0_,TRUE,TRUE,TRUE
36,0,_sNO3WEpi0_,_gN_*_m_^-2,-,N_in_NO3_in_epilimnion_lake_water,-,-1,_sNO3WEpi0_ = _cNO3WEpi0_ *_MassEpi0_,_sNO3WEpi0_ = _cNO3WEpi0_ *_MassEpi0_,_sNO3WEpi0_ = _cNO3WEpi0_ *_MassEpi0_,_sNO3WEpi0_ = _cNO3WEpi0_ *_MassEpi0_,TRUE,TRUE,TRUE
37,0,_sPO4WEpi0_,_gP_*_m_^-2,-,P_in_PO4_in_epilimnion_lake_water,-,-1,_sPO4WEpi0_ = _cPO4WEpi0_ *_MassEpi0_,_sPO4WEpi0_ = _cPO4WEpi0_ *_MassEpi0_,_sPO4WEpi0_ = _cPO4WEpi0_ *_MassEpi0_,_sPO4WEpi0_ = _cPO4WEpi0_ *_MassEpi0_,TRUE,TRUE,TRUE
38,0,_sPAIMWEpi0_,_gP_*_m_^-2,-,P_adsorbed_onto_IM_in_epilimnion_lake_water,-,-1,_sPAIMWEpi0_ = _cPAIMWEpi0_ *_MassEpi0_,_sPAIMWEpi0_ = _cPAIMWEpi0_ *_MassEpi0_,_sPAIMWEpi0_ = _cPAIMWEpi0_ *_MassEpi0_,_sPAIMWEpi0_ = _cPAIMWEpi0_ *_MassEpi0_,TRUE,TRUE,TRUE
39,0,_sSiO2WEpi0_,_gSi_*_m_^-2,-,Dissolved_Si_in_epilimnion_lake_water,-,-1,_sSiO2WEpi0_ = _cSiO2WEpi0_ * _MassEpi0_,_sSiO2WEpi0_ = _cSiO2WEpi0_ * _MassEpi0_,_sSiO2WEpi0_ = _cSiO2WEpi0_ * _MassEpi0_,_sSiO2WEpi0_ = _cSiO2WEpi0_ * _MassEpi0_,TRUE,TRUE,TRUE
40,0,_sO2WEpi0_,_gO2_*_m_^-2,-,Oxygen_in_epilimnion_lake_water,-,-1,_sO2WEpi0_ = _cO2WEpi0_ *_MassEpi0_,_sO2WEpi0_ = _cO2WEpi0_ *_MassEpi0_,_sO2WEpi0_ = _cO2WEpi0_ *_MassEpi0_,_sO2WEpi0_ = _cO2WEpi0_ *_MassEpi0_,TRUE,TRUE,TRUE
41,0,_sDDetWEpi0_,_gDW_*_m_^-2,-,Detritus_DW_in_epilimnion_lake_water,-,-1,_sDDetWEpi0_ = _cDDetWEpi0_ *_MassEpi0_,_sDDetWEpi0_ = _cDDetWEpi0_ *_MassEpi0_,_sDDetWEpi0_ = _cDDetWEpi0_ *_MassEpi0_,_sDDetWEpi0_ = _cDDetWEpi0_ *_MassEpi0_,TRUE,TRUE,TRUE
42,0,_sNDetWEpi0_,_gN_*_m_^-2,-,Detritus_N_in_epilimnion_lake_water,-,-1,_sNDetWEpi0_ = _IF_ (_InitCalc_ _EQ_ _TRUE_) _THEN_ _cNDDet0_ * _sDDetWEpi0_ _ELSE_ _cNDetWEpi0_ *_MassEpi0_ _ENDIF_ ,_sNDetWEpi0_ = _IF_ (_InitCalc_ _EQ_ _TRUE_) _THEN_ _cNDDet0_ * _sDDetWEpi0_ _ELSE_ _cNDetWEpi0_ *_MassEpi0_ _ENDIF_ ,_sNDetWEpi0_ = _IF_ (_InitCalc_ _EQ_ _TRUE_) _THEN_ _cNDDet0_ * _sDDetWEpi0_ _ELSE_ _cNDetWEpi0_ *_MassEpi0_ _ENDIF_ ,_sNDetWEpi0_ = _IF_ (_InitCalc_ _EQ_ _TRUE_) _THEN_ _cNDDet0_ * _sDDetWEpi0_ _ELSE_ _cNDetWEpi0_ *_MassEpi0_ _ENDIF_ ,TRUE,TRUE,TRUE
43,0,_sPDetWEpi0_,_gP_*_m_^-2,-,Detritus_P_in_epilimnion_lake_water,-,-1,_sPDetWEpi0_ = _IF_ (_InitCalc_ _EQ_ _TRUE_) _THEN_ _cPDDet0_ * _sDDetWEpi0_ _ELSE_ _cPDetWEpi0_ *_MassEpi0_ _ENDIF_,_sPDetWEpi0_ = _IF_ (_InitCalc_ _EQ_ _TRUE_) _THEN_ _cPDDet0_ * _sDDetWEpi0_ _ELSE_ _cPDetWEpi0_ *_MassEpi0_ _ENDIF_,_sPDetWEpi0_ = _IF_ (_InitCalc_ _EQ_ _TRUE_) _THEN_ _cPDDet0_ * _sDDetWEpi0_ _ELSE_ _cPDetWEpi0_ *_MassEpi0_ _ENDIF_,_sPDetWEpi0_ = _IF_ (_InitCalc_ _EQ_ _TRUE_) _THEN_ _cPDDet0_ * _sDDetWEpi0_ _ELSE_ _cPDetWEpi0_ *_MassEpi0_ _ENDIF_,TRUE,TRUE,TRUE
44,0,_sSiDetWEpi0_,_gSi_*_m_^-2,-,Detritus_Si_in_epilimnion_lake_water,-,-1,_sSiDetWEpi0_ = _IF_ (_InitCalc_ _EQ_ _TRUE_) _THEN_ _cSiDDet0_ * _sDDetWEpi0_ _ELSE_ _cSiDetWEpi0_ *_MassEpi0_ _ENDIF_,_sSiDetWEpi0_ = _IF_ (_InitCalc_ _EQ_ _TRUE_) _THEN_ _cSiDDet0_ * _sDDetWEpi0_ _ELSE_ _cSiDetWEpi0_ *_MassEpi0_ _ENDIF_,_sSiDetWEpi0_ = _IF_ (_InitCalc_ _EQ_ _TRUE_) _THEN_ _cSiDDet0_ * _sDDetWEpi0_ _ELSE_ _cSiDetWEpi0_ *_MassEpi0_ _ENDIF_,_sSiDetWEpi0_ = _IF_ (_InitCalc_ _EQ_ _TRUE_) _THEN_ _cSiDDet0_ * _sDDetWEpi0_ _ELSE_ _cSiDetWEpi0_ *_MassEpi0_ _ENDIF_,TRUE,TRUE,TRUE
45,0,_sDIMWEpi0_,_gDW_*_m_^-2,-,Inorganic_matter_in_epilimnion_lake_water,-,-1,_sDIMWEpi0_ = _cDIMWEpi0_ *_MassEpi0_,_sDIMWEpi0_ = _cDIMWEpi0_ *_MassEpi0_,_sDIMWEpi0_ = _cDIMWEpi0_ *_MassEpi0_,_sDIMWEpi0_ = _cDIMWEpi0_ *_MassEpi0_,TRUE,TRUE,TRUE
46,0,_sDDiatWEpi0_,_gDW_*_m_^-2,-,Diatoms_DW_in_epilimnion_lake_water,-,-1,_sDDiatWEpi0_ = _cDDiatWEpi0_ *_MassEpi0_,_sDDiatWEpi0_ = _cDDiatWEpi0_ *_MassEpi0_,_sDDiatWEpi0_ = _cDDiatWEpi0_ *_MassEpi0_,_sDDiatWEpi0_ = _cDDiatWEpi0_ *_MassEpi0_,TRUE,TRUE,TRUE
47,0,_sNDiatWEpi0_,_gN_*_m_^-2,-,Diatoms_N_in_epilimnion_lake_water,-,-1,_sNDiatWEpi0_ = _IF_ (_InitCalc_ _EQ_ _TRUE_) _THEN_ _cNDDiat0_ * _sDDiatWEpi0_ _ELSE_ _cNDiatWEpi0_ *_MassEpi0_ _ENDIF_,_sNDiatWEpi0_ = _IF_ (_InitCalc_ _EQ_ _TRUE_) _THEN_ _cNDDiat0_ * _sDDiatWEpi0_ _ELSE_ _cNDiatWEpi0_ *_MassEpi0_ _ENDIF_,_sNDiatWEpi0_ = _IF_ (_InitCalc_ _EQ_ _TRUE_) _THEN_ _cNDDiat0_ * _sDDiatWEpi0_ _ELSE_ _cNDiatWEpi0_ *_MassEpi0_ _ENDIF_,_sNDiatWEpi0_ = _IF_ (_InitCalc_ _EQ_ _TRUE_) _THEN_ _cNDDiat0_ * _sDDiatWEpi0_ _ELSE_ _cNDiatWEpi0_ *_MassEpi0_ _ENDIF_,TRUE,TRUE,TRUE
48,0,_sPDiatWEpi0_,_gP_*_m_^-2,-,Diatoms_P_in_epilimnion_lake_water,-,-1,_sPDiatWEpi0_ = _IF_ (_InitCalc_ _EQ_ _TRUE_) _THEN_ _cPDDiat0_ * _sDDiatWEpi0_ _ELSE_ _cPDiatWEpi0_ *_MassEpi0_ _ENDIF_,_sPDiatWEpi0_ = _IF_ (_InitCalc_ _EQ_ _TRUE_) _THEN_ _cPDDiat0_ * _sDDiatWEpi0_ _ELSE_ _cPDiatWEpi0_ *_MassEpi0_ _ENDIF_,_sPDiatWEpi0_ = _IF_ (_InitCalc_ _EQ_ _TRUE_) _THEN_ _cPDDiat0_ * _sDDiatWEpi0_ _ELSE_ _cPDiatWEpi0_ *_MassEpi0_ _ENDIF_,_sPDiatWEpi0_ = _IF_ (_InitCalc_ _EQ_ _TRUE_) _THEN_ _cPDDiat0_ * _sDDiatWEpi0_ _ELSE_ _cPDiatWEpi0_ *_MassEpi0_ _ENDIF_,TRUE,TRUE,TRUE
49,0,_sDGrenWEpi0_,_gDW_*_m_^-2,-,Green_algae_DW_in_epilimnion_lake_water,-,-1,_sDGrenWEpi0_ = _cDGrenWEpi0_ *_MassEpi0_,_sDGrenWEpi0_ = _cDGrenWEpi0_ *_MassEpi0_,_sDGrenWEpi0_ = _cDGrenWEpi0_ *_MassEpi0_,_sDGrenWEpi0_ = _cDGrenWEpi0_ *_MassEpi0_,TRUE,TRUE,TRUE
50,0,_sNGrenWEpi0_,_gN_*_m_^-2,-,Green_algae_N_in_epilimnion_lake_water,-,-1,_sNGrenWEpi0_ = _IF_ (_InitCalc_ _EQ_ _TRUE_) _THEN_ _cNDGren0_ * _sDGrenWEpi0_ _ELSE_ _cNGrenWEpi0_ *_MassEpi0_ _ENDIF_,_sNGrenWEpi0_ = _IF_ (_InitCalc_ _EQ_ _TRUE_) _THEN_ _cNDGren0_ * _sDGrenWEpi0_ _ELSE_ _cNGrenWEpi0_ *_MassEpi0_ _ENDIF_,_sNGrenWEpi0_ = _IF_ (_InitCalc_ _EQ_ _TRUE_) _THEN_ _cNDGren0_ * _sDGrenWEpi0_ _ELSE_ _cNGrenWEpi0_ *_MassEpi0_ _ENDIF_,_sNGrenWEpi0_ = _IF_ (_InitCalc_ _EQ_ _TRUE_) _THEN_ _cNDGren0_ * _sDGrenWEpi0_ _ELSE_ _cNGrenWEpi0_ *_MassEpi0_ _ENDIF_,TRUE,TRUE,TRUE
51,0,_sPGrenWEpi0_,_gP_*_m_^-2,-,Green_algae_P_in_epilimnion_lake_water,-,-1,_sPGrenWEpi0_ = _IF_ (_InitCalc_ _EQ_ _TRUE_) _THEN_ _cPDGren0_ * _sDGrenWEpi0_ _ELSE_ _cPGrenWEpi0_ *_MassEpi0_ _ENDIF_,_sPGrenWEpi0_ = _IF_ (_InitCalc_ _EQ_ _TRUE_) _THEN_ _cPDGren0_ * _sDGrenWEpi0_ _ELSE_ _cPGrenWEpi0_ *_MassEpi0_ _ENDIF_,_sPGrenWEpi0_ = _IF_ (_InitCalc_ _EQ_ _TRUE_) _THEN_ _cPDGren0_ * _sDGrenWEpi0_ _ELSE_ _cPGrenWEpi0_ *_MassEpi0_ _ENDIF_,_sPGrenWEpi0_ = _IF_ (_InitCalc_ _EQ_ _TRUE_) _THEN_ _cPDGren0_ * _sDGrenWEpi0_ _ELSE_ _cPGrenWEpi0_ *_MassEpi0_ _ENDIF_,TRUE,TRUE,TRUE
52,0,_sDBlueWEpi0_,_gDW_*_m_^-2,-,Blue-greens_DW_in_epilimnion_lake_water,-,-1,_sDBlueWEpi0_ = _cDBlueWEpi0_ *_MassEpi0_,_sDBlueWEpi0_ = _cDBlueWEpi0_ *_MassEpi0_,_sDBlueWEpi0_ = _cDBlueWEpi0_ *_MassEpi0_,_sDBlueWEpi0_ = _cDBlueWEpi0_ *_MassEpi0_,TRUE,TRUE,TRUE
53,0,_sNBlueWEpi0_,_gN_*_m_^-2,-,Blue-greens_N_in_epilimnion_lake_water,-,-1,_sNBlueWEpi0_ = _IF_ (_InitCalc_ _EQ_ _TRUE_) _THEN_ _cNDBlue0_ * _sDBlueWEpi0_ _ELSE_ _cNBlueWEpi0_ *_MassEpi0_ _ENDIF_,_sNBlueWEpi0_ = _IF_ (_InitCalc_ _EQ_ _TRUE_) _THEN_ _cNDBlue0_ * _sDBlueWEpi0_ _ELSE_ _cNBlueWEpi0_ *_MassEpi0_ _ENDIF_,_sNBlueWEpi0_ = _IF_ (_InitCalc_ _EQ_ _TRUE_) _THEN_ _cNDBlue0_ * _sDBlueWEpi0_ _ELSE_ _cNBlueWEpi0_ *_MassEpi0_ _ENDIF_,_sNBlueWEpi0_ = _IF_ (_InitCalc_ _EQ_ _TRUE_) _THEN_ _cNDBlue0_ * _sDBlueWEpi0_ _ELSE_ _cNBlueWEpi0_ *_MassEpi0_ _ENDIF_,TRUE,TRUE,TRUE
54,0,_sPBlueWEpi0_,_gP_*_m_^-2,-,Blue-greens_P_in_epilimnion_lake_water,-,-1,_sPBlueWEpi0_ = _IF_ (_InitCalc_ _EQ_ _TRUE_) _THEN_ _cPDBlue0_ * _sDBlueWEpi0_ _ELSE_ _cPBlueWEpi0_ *_MassEpi0_ _ENDIF_,_sPBlueWEpi0_ = _IF_ (_InitCalc_ _EQ_ _TRUE_) _THEN_ _cPDBlue0_ * _sDBlueWEpi0_ _ELSE_ _cPBlueWEpi0_ *_MassEpi0_ _ENDIF_,_sPBlueWEpi0_ = _IF_ (_InitCalc_ _EQ_ _TRUE_) _THEN_ _cPDBlue0_ * _sDBlueWEpi0_ _ELSE_ _cPBlueWEpi0_ *_MassEpi0_ _ENDIF_,_sPBlueWEpi0_ = _IF_ (_InitCalc_ _EQ_ _TRUE_) _THEN_ _cPDBlue0_ * _sDBlueWEpi0_ _ELSE_ _cPBlueWEpi0_ *_MassEpi0_ _ENDIF_,TRUE,TRUE,TRUE
55,0,_sDZooEpi0_,_gDW_*_m_^-2,-,Zooplankton_DW_in_epilimnion_lake_water,-,-1,_sDZooEpi0_ = _cDZooEpi0_ *_MassEpi0_,_sDZooEpi0_ = _cDZooEpi0_ *_MassEpi0_,_sDZooEpi0_ = _cDZooEpi0_ *_MassEpi0_,_sDZooEpi0_ = _cDZooEpi0_ *_MassEpi0_,TRUE,TRUE,TRUE
56,0,_sNZooEpi0_,_gN_*_m_^-2,-,Zooplankton_N_in_epilimnion_lake_water,-,-1,_sNZooEpi0_ = _IF_ (_InitCalc_ _EQ_ _TRUE_) _THEN_ _cNDZooRef_ * _sDZooEpi0_ _ELSE_ _cNZooEpi0_ *_MassEpi0_ _ENDIF_,_sNZooEpi0_ = _IF_ (_InitCalc_ _EQ_ _TRUE_) _THEN_ _cNDZooRef_ * _sDZooEpi0_ _ELSE_ _cNZooEpi0_ *_MassEpi0_ _ENDIF_,_sNZooEpi0_ = _IF_ (_InitCalc_ _EQ_ _TRUE_) _THEN_ _cNDZooRef_ * _sDZooEpi0_ _ELSE_ _cNZooEpi0_ *_MassEpi0_ _ENDIF_,_sNZooEpi0_ = _IF_ (_InitCalc_ _EQ_ _TRUE_) _THEN_ _cNDZooRef_ * _sDZooEpi0_ _ELSE_ _cNZooEpi0_ *_MassEpi0_ _ENDIF_,TRUE,TRUE,TRUE
57,0,_sPZooEpi0_,_gP_*_m_^-2,-,Zooplankton_P_in_epilimnion_lake_water,-,-1,_sPZooEpi0_ = _IF_ (_InitCalc_ _EQ_ _TRUE_) _THEN_ _cPDZooRef_ * _sDZooEpi0_ _ELSE_ _cPZooEpi0_ *_MassEpi0_ _ENDIF_,_sPZooEpi0_ = _IF_ (_InitCalc_ _EQ_ _TRUE_) _THEN_ _cPDZooRef_ * _sDZooEpi0_ _ELSE_ _cPZooEpi0_ *_MassEpi0_ _ENDIF_,_sPZooEpi0_ = _IF_ (_InitCalc_ _EQ_ _TRUE_) _THEN_ _cPDZooRef_ * _sDZooEpi0_ _ELSE_ _cPZooEpi0_ *_MassEpi0_ _ENDIF_,_sPZooEpi0_ = _IF_ (_InitCalc_ _EQ_ _TRUE_) _THEN_ _cPDZooRef_ * _sDZooEpi0_ _ELSE_ _cPZooEpi0_ *_MassEpi0_ _ENDIF_,TRUE,TRUE,TRUE
58,0,_sDBlueSurf0_,_gDW_*_m_^-2,-,Blue-greens_DW_in_epilimnion_lake_water,-,-1,_sDBlueSurf0_ = _IF_ (_InclSurf_ _EQ_ _TRUE_) _THEN_ _cDBlueSurf0_ _ELSE_ 0.0 _ENDIF_,_sDBlueSurf0_ = _IF_ (_InclSurf_ _EQ_ _TRUE_) _THEN_ _cDBlueSurf0_ _ELSE_ 0.0 _ENDIF_,_sDBlueSurf0_ = _IF_ (_InclSurf_ _EQ_ _TRUE_) _THEN_ _cDBlueSurf0_ _ELSE_ 0.0 _ENDIF_,_sDBlueSurf0_ = _IF_ (_InclSurf_ _EQ_ _TRUE_) _THEN_ _cDBlueSurf0_ _ELSE_ 0.0 _ENDIF_,TRUE,TRUE,TRUE
59,0,_sNBlueSurf0_,_gN_*_m_^-2,-,Blue-greens_N_in_epilimnion_lake_water,-,-1,_sNBlueSurf0_ = _IF_ (_InclSurf_ _EQ_ _TRUE_) _THEN_ _cNBlueSurf0_ _ELSE_ 0.0 _ENDIF_,_sNBlueSurf0_ = _IF_ (_InclSurf_ _EQ_ _TRUE_) _THEN_ _cNBlueSurf0_ _ELSE_ 0.0 _ENDIF_,_sNBlueSurf0_ = _IF_ (_InclSurf_ _EQ_ _TRUE_) _THEN_ _cNBlueSurf0_ _ELSE_ 0.0 _ENDIF_,_sNBlueSurf0_ = _IF_ (_InclSurf_ _EQ_ _TRUE_) _THEN_ _cNBlueSurf0_ _ELSE_ 0.0 _ENDIF_,TRUE,TRUE,TRUE
60,0,_sPBlueSurf0_,_gP_*_m_^-2,-,Blue-greens_P_in_epilimnion_lake_water,-,-1,_sPBlueSurf0_ = _IF_ (_InclSurf_ _EQ_ _TRUE_) _THEN_ _cPBlueSurf0_ _ELSE_ 0.0 _ENDIF_,_sPBlueSurf0_ = _IF_ (_InclSurf_ _EQ_ _TRUE_) _THEN_ _cPBlueSurf0_ _ELSE_ 0.0 _ENDIF_,_sPBlueSurf0_ = _IF_ (_InclSurf_ _EQ_ _TRUE_) _THEN_ _cPBlueSurf0_ _ELSE_ 0.0 _ENDIF_,_sPBlueSurf0_ = _IF_ (_InclSurf_ _EQ_ _TRUE_) _THEN_ _cPBlueSurf0_ _ELSE_ 0.0 _ENDIF_,TRUE,TRUE,TRUE
61,0,_sNH4S0_,_gN_*_m_^-2,-,N_in_NH4_in_lake_sediment_pore_water,-,-1,_sNH4S0_ = _cNH4S0_,_sNH4S0_ = _cNH4S0_,_sNH4S0_ = _cNH4S0_,_sNH4S0_ = _cNH4S0_,TRUE,TRUE,TRUE
62,0,_sNO3S0_,_gN_*_m_^-2,-,N_in_NO3_in_lake_sediment_pore_water,-,-1,_sNO3S0_ = _cNO3S0_,_sNO3S0_ = _cNO3S0_,_sNO3S0_ = _cNO3S0_,_sNO3S0_ = _cNO3S0_,TRUE,TRUE,TRUE
63,0,_bRhoSolidS0_,_gDW_*_m_^-3,-,Average_density_of_solid_material,-,-1,_bRhoSolidS0_ = _fDOrgS0_ * _cRhoOM_ + (1.0 - _fDOrgS0_) * _cRhoIM_,_bRhoSolidS0_ = _fDOrgS0_ * _cRhoOM_ + (1.0 - _fDOrgS0_) * _cRhoIM_,_bRhoSolidS0_ = _fDOrgS0_ * _cRhoOM_ + (1.0 - _fDOrgS0_) * _cRhoIM_,_bRhoSolidS0_ = _fDOrgS0_ * _cRhoOM_ + (1.0 - _fDOrgS0_) * _cRhoIM_,TRUE,TRUE,TRUE
64,0,_bPorS0_,_m_^3*_m_^-3,-,Porosity,-,-1,_bPorS0_ = (1.0 - _fDTotS0_) * _bRhoSolidS0_ / _cRhoWat_ / ( _fDTotS0_ + (1.0 - _fDTotS0_) * _bRhoSolidS0_ / _cRhoWat_ ),_bPorS0_ = (1.0 - _fDTotS0_) * _bRhoSolidS0_ / _cRhoWat_ / ( _fDTotS0_ + (1.0 - _fDTotS0_) * _bRhoSolidS0_ / _cRhoWat_ ),_bPorS0_ = (1.0 - _fDTotS0_) * _bRhoSolidS0_ / _cRhoWat_ / ( _fDTotS0_ + (1.0 - _fDTotS0_) * _bRhoSolidS0_ / _cRhoWat_ ),_bPorS0_ = (1.0 - _fDTotS0_) * _bRhoSolidS0_ / _cRhoWat_ / ( _fDTotS0_ + (1.0 - _fDTotS0_) * _bRhoSolidS0_ / _cRhoWat_ ),TRUE,TRUE,TRUE
65,0,_bRhoTotS0_,_gDW_*_m_^-3,-,Bulk_density_of_sediment,-,-1,_bRhoTotS0_ = _bRhoSolidS0_ * (1.0 - _bPorS0_),_bRhoTotS0_ = _bRhoSolidS0_ * (1.0 - _bPorS0_),_bRhoTotS0_ = _bRhoSolidS0_ * (1.0 - _bPorS0_),_bRhoTotS0_ = _bRhoSolidS0_ * (1.0 - _bPorS0_),TRUE,TRUE,TRUE
66,0,_bDTotS0_,_gDW_*_m_^-2,-,Total_dry-weight_in_top_layer,-,-1,_bDTotS0_ = _bRhoTotS0_ * _cDepthS_,_bDTotS0_ = _bRhoTotS0_ * _cDepthS_,_bDTotS0_ = _bRhoTotS0_ * _cDepthS_,_bDTotS0_ = _bRhoTotS0_ * _cDepthS_,TRUE,TRUE,TRUE
67,0,_sPO4S0_,_gP_*_m_^-2,-,P_in_PO4_in_lake_sediment_pore_water,-,-1,_sPO4S0_ = _IF_ (_InitCalc_ _EQ_ _TRUE_) _THEN_ (1.0 - _fPAdsS0_) * _fPInorgS0_ * _bDTotS0_ _ELSE_ _cPO4S0_ _ENDIF_,_sPO4S0_ = _IF_ (_InitCalc_ _EQ_ _TRUE_) _THEN_ (1.0 - _fPAdsS0_) * _fPInorgS0_ * _bDTotS0_ _ELSE_ _cPO4S0_ _ENDIF_,_sPO4S0_ = _IF_ (_InitCalc_ _EQ_ _TRUE_) _THEN_ (1.0 - _fPAdsS0_) * _fPInorgS0_ * _bDTotS0_ _ELSE_ _cPO4S0_ _ENDIF_,_sPO4S0_ = _IF_ (_InitCalc_ _EQ_ _TRUE_) _THEN_ (1.0 - _fPAdsS0_) * _fPInorgS0_ * _bDTotS0_ _ELSE_ _cPO4S0_ _ENDIF_,TRUE,TRUE,TRUE
68,0,_sPAIMS0_,_gP_*_m_^-2,-,P_adsorbed_onto_IM_in_lake_sediment,-,-1,_sPAIMS0_ = _IF_ (_InitCalc_ _EQ_ _TRUE_) _THEN_ _fPAdsS0_ * _fPInorgS0_ * _bDTotS0_ _ELSE_ _cPAIMS0_ _ENDIF_,_sPAIMS0_ = _IF_ (_InitCalc_ _EQ_ _TRUE_) _THEN_ _fPAdsS0_ * _fPInorgS0_ * _bDTotS0_ _ELSE_ _cPAIMS0_ _ENDIF_,_sPAIMS0_ = _IF_ (_InitCalc_ _EQ_ _TRUE_) _THEN_ _fPAdsS0_ * _fPInorgS0_ * _bDTotS0_ _ELSE_ _cPAIMS0_ _ENDIF_,_sPAIMS0_ = _IF_ (_InitCalc_ _EQ_ _TRUE_) _THEN_ _fPAdsS0_ * _fPInorgS0_ * _bDTotS0_ _ELSE_ _cPAIMS0_ _ENDIF_,TRUE,TRUE,TRUE
69,0,_sDDetS0_,_gDW_*_m_^-2,-,Detritus_DW_in_lake_sediment,-,-1,_sDDetS0_ = _IF_ (_InitCalc_ _EQ_ _TRUE_) _THEN_ _fDDetS0_ * _fDOrgS0_ * _bDTotS0_ _ELSE_ _cDDetS0_ _ENDIF_,_sDDetS0_ = _IF_ (_InitCalc_ _EQ_ _TRUE_) _THEN_ _fDDetS0_ * _fDOrgS0_ * _bDTotS0_ _ELSE_ _cDDetS0_ _ENDIF_,_sDDetS0_ = _IF_ (_InitCalc_ _EQ_ _TRUE_) _THEN_ _fDDetS0_ * _fDOrgS0_ * _bDTotS0_ _ELSE_ _cDDetS0_ _ENDIF_,_sDDetS0_ = _IF_ (_InitCalc_ _EQ_ _TRUE_) _THEN_ _fDDetS0_ * _fDOrgS0_ * _bDTotS0_ _ELSE_ _cDDetS0_ _ENDIF_,TRUE,TRUE,TRUE
70,0,_sNDetS0_,_gN_*_m_^-2,-,Detritus_N_in_lake_sediment,-,-1,_sNDetS0_ = _IF_ (_InitCalc_ _EQ_ _TRUE_) _THEN_ _cNDDet0_ * _sDDetS0_ _ELSE_ _cNDetS0_ _ENDIF_,_sNDetS0_ = _IF_ (_InitCalc_ _EQ_ _TRUE_) _THEN_ _cNDDet0_ * _sDDetS0_ _ELSE_ _cNDetS0_ _ENDIF_,_sNDetS0_ = _IF_ (_InitCalc_ _EQ_ _TRUE_) _THEN_ _cNDDet0_ * _sDDetS0_ _ELSE_ _cNDetS0_ _ENDIF_,_sNDetS0_ = _IF_ (_InitCalc_ _EQ_ _TRUE_) _THEN_ _cNDDet0_ * _sDDetS0_ _ELSE_ _cNDetS0_ _ENDIF_,TRUE,TRUE,TRUE
71,0,_sPDetS0_,_gP_*_m_^-2,-,Detritus_P_in_lake_sediment,-,-1,_sPDetS0_ = _IF_ (_InitCalc_ _EQ_ _TRUE_) _THEN_ _cPDDet0_ * _sDDetS0_ _ELSE_ _cPDetS0_ _ENDIF_,_sPDetS0_ = _IF_ (_InitCalc_ _EQ_ _TRUE_) _THEN_ _cPDDet0_ * _sDDetS0_ _ELSE_ _cPDetS0_ _ENDIF_,_sPDetS0_ = _IF_ (_InitCalc_ _EQ_ _TRUE_) _THEN_ _cPDDet0_ * _sDDetS0_ _ELSE_ _cPDetS0_ _ENDIF_,_sPDetS0_ = _IF_ (_InitCalc_ _EQ_ _TRUE_) _THEN_ _cPDDet0_ * _sDDetS0_ _ELSE_ _cPDetS0_ _ENDIF_,TRUE,TRUE,TRUE
72,0,_sSiDetS0_,_gSi_*_m_^-2,-,Detritus_Si_in_lake_sediment,-,-1,_sSiDetS0_ = _IF_ (_InitCalc_ _EQ_ _TRUE_) _THEN_ _cSiDDet0_ * _sDDetS0_ _ELSE_ _cSiDetS0_ _ENDIF_,_sSiDetS0_ = _IF_ (_InitCalc_ _EQ_ _TRUE_) _THEN_ _cSiDDet0_ * _sDDetS0_ _ELSE_ _cSiDetS0_ _ENDIF_,_sSiDetS0_ = _IF_ (_InitCalc_ _EQ_ _TRUE_) _THEN_ _cSiDDet0_ * _sDDetS0_ _ELSE_ _cSiDetS0_ _ENDIF_,_sSiDetS0_ = _IF_ (_InitCalc_ _EQ_ _TRUE_) _THEN_ _cSiDDet0_ * _sDDetS0_ _ELSE_ _cSiDetS0_ _ENDIF_,TRUE,TRUE,TRUE
73,0,_sDHumS0_,_gDW_*_m_^-2,-,Humus_DW_in_lake_sediment,-,-1,_sDHumS0_ = _IF_ (_InitCalc_ _EQ_ _TRUE_) _THEN_ (1.0 - _fDDetS0_) * _fDOrgS0_ * _bDTotS0_ _ELSE_ _cDHumS0_ _ENDIF_,_sDHumS0_ = _IF_ (_InitCalc_ _EQ_ _TRUE_) _THEN_ (1.0 - _fDDetS0_) * _fDOrgS0_ * _bDTotS0_ _ELSE_ _cDHumS0_ _ENDIF_,_sDHumS0_ = _IF_ (_InitCalc_ _EQ_ _TRUE_) _THEN_ (1.0 - _fDDetS0_) * _fDOrgS0_ * _bDTotS0_ _ELSE_ _cDHumS0_ _ENDIF_,_sDHumS0_ = _IF_ (_InitCalc_ _EQ_ _TRUE_) _THEN_ (1.0 - _fDDetS0_) * _fDOrgS0_ * _bDTotS0_ _ELSE_ _cDHumS0_ _ENDIF_,TRUE,TRUE,TRUE
74,0,_sNHumS0_,_gN_*_m_^-2,-,Humus_N_in_lake_sediment,-,-1,_sNHumS0_ = _IF_ (_InitCalc_ _EQ_ _TRUE_) _THEN_ _cNDHum0_ * _sDHumS0_ _ELSE_ _cNHumS0_ _ENDIF_,_sNHumS0_ = _IF_ (_InitCalc_ _EQ_ _TRUE_) _THEN_ _cNDHum0_ * _sDHumS0_ _ELSE_ _cNHumS0_ _ENDIF_,_sNHumS0_ = _IF_ (_InitCalc_ _EQ_ _TRUE_) _THEN_ _cNDHum0_ * _sDHumS0_ _ELSE_ _cNHumS0_ _ENDIF_,_sNHumS0_ = _IF_ (_InitCalc_ _EQ_ _TRUE_) _THEN_ _cNDHum0_ * _sDHumS0_ _ELSE_ _cNHumS0_ _ENDIF_,TRUE,TRUE,TRUE
75,0,_sPHumS0_,_gP_*_m_^-2,-,Humus_P_in_lake_sediment,-,-1,_sPHumS0_ = _IF_ (_InitCalc_ _EQ_ _TRUE_) _THEN_ _cPDHum0_ * _sDHumS0_ _ELSE_ _cPHumS0_ _ENDIF_,_sPHumS0_ = _IF_ (_InitCalc_ _EQ_ _TRUE_) _THEN_ _cPDHum0_ * _sDHumS0_ _ELSE_ _cPHumS0_ _ENDIF_,_sPHumS0_ = _IF_ (_InitCalc_ _EQ_ _TRUE_) _THEN_ _cPDHum0_ * _sDHumS0_ _ELSE_ _cPHumS0_ _ENDIF_,_sPHumS0_ = _IF_ (_InitCalc_ _EQ_ _TRUE_) _THEN_ _cPDHum0_ * _sDHumS0_ _ELSE_ _cPHumS0_ _ENDIF_,TRUE,TRUE,TRUE
76,0,_sDIMS0_,_gDW_*_m_^-2,-,Inorganic_matter_in_lake_sediment,-,-1,_sDIMS0_ = _IF_ (_InitCalc_ _EQ_ _TRUE_) _THEN_ _bDTotS0_ - _sDHumS0_ - _sDDetS0_ _ELSE_ _cDIMS0_ _ENDIF_,_sDIMS0_ = _IF_ (_InitCalc_ _EQ_ _TRUE_) _THEN_ _bDTotS0_ - _sDHumS0_ - _sDDetS0_ _ELSE_ _cDIMS0_ _ENDIF_,_sDIMS0_ = _IF_ (_InitCalc_ _EQ_ _TRUE_) _THEN_ _bDTotS0_ - _sDHumS0_ - _sDDetS0_ _ELSE_ _cDIMS0_ _ENDIF_,_sDIMS0_ = _IF_ (_InitCalc_ _EQ_ _TRUE_) _THEN_ _bDTotS0_ - _sDHumS0_ - _sDDetS0_ _ELSE_ _cDIMS0_ _ENDIF_,TRUE,TRUE,TRUE
77,0,_sDDiatS0_,_gDW_*_m_^-2,-,Diatoms_DW_on_lake_sediment,-,-1,_sDDiatS0_ = _IF_ (_InitCalc_ _EQ_ _TRUE_) _THEN_ _fSedPhyt0_ * _sDDiatWHyp0_ _ELSE_ _cDDiatS0_ _ENDIF_,_sDDiatS0_ = _IF_ (_InitCalc_ _EQ_ _TRUE_) _THEN_ _fSedPhyt0_ * _sDDiatWHyp0_ _ELSE_ _cDDiatS0_ _ENDIF_,_sDDiatS0_ = _IF_ (_InitCalc_ _EQ_ _TRUE_) _THEN_ _fSedPhyt0_ * _sDDiatWHyp0_ _ELSE_ _cDDiatS0_ _ENDIF_,_sDDiatS0_ = _IF_ (_InitCalc_ _EQ_ _TRUE_) _THEN_ _fSedPhyt0_ * _sDDiatWHyp0_ _ELSE_ _cDDiatS0_ _ENDIF_,TRUE,TRUE,TRUE
78,0,_sNDiatS0_,_gN_*_m_^-2,-,Diatoms_N_on_lake_sediment,-,-1,_sNDiatS0_ = _IF_ (_InitCalc_ _EQ_ _TRUE_) _THEN_ _cNDDiat0_ * _sDDiatS0_ _ELSE_ _cNDiatS0_ _ENDIF_,_sNDiatS0_ = _IF_ (_InitCalc_ _EQ_ _TRUE_) _THEN_ _cNDDiat0_ * _sDDiatS0_ _ELSE_ _cNDiatS0_ _ENDIF_,_sNDiatS0_ = _IF_ (_InitCalc_ _EQ_ _TRUE_) _THEN_ _cNDDiat0_ * _sDDiatS0_ _ELSE_ _cNDiatS0_ _ENDIF_,_sNDiatS0_ = _IF_ (_InitCalc_ _EQ_ _TRUE_) _THEN_ _cNDDiat0_ * _sDDiatS0_ _ELSE_ _cNDiatS0_ _ENDIF_,TRUE,TRUE,TRUE
79,0,_sPDiatS0_,_gP_*_m_^-2,-,Diatoms_P_on_lake_sediment,-,-1,_sPDiatS0_ = _IF_ (_InitCalc_ _EQ_ _TRUE_) _THEN_ _cPDDiat0_ * _sDDiatS0_ _ELSE_ _cPDiatS0_ _ENDIF_,_sPDiatS0_ = _IF_ (_InitCalc_ _EQ_ _TRUE_) _THEN_ _cPDDiat0_ * _sDDiatS0_ _ELSE_ _cPDiatS0_ _ENDIF_,_sPDiatS0_ = _IF_ (_InitCalc_ _EQ_ _TRUE_) _THEN_ _cPDDiat0_ * _sDDiatS0_ _ELSE_ _cPDiatS0_ _ENDIF_,_sPDiatS0_ = _IF_ (_InitCalc_ _EQ_ _TRUE_) _THEN_ _cPDDiat0_ * _sDDiatS0_ _ELSE_ _cPDiatS0_ _ENDIF_,TRUE,TRUE,TRUE
80,0,_sDGrenS0_,_gDW_*_m_^-2,-,Green_algae_DW_on_lake_sediment,-,-1,_sDGrenS0_ = _IF_ (_InitCalc_ _EQ_ _TRUE_) _THEN_ _fSedPhyt0_ * _sDGrenWHyp0_ _ELSE_ _cDGrenS0_ _ENDIF_,_sDGrenS0_ = _IF_ (_InitCalc_ _EQ_ _TRUE_) _THEN_ _fSedPhyt0_ * _sDGrenWHyp0_ _ELSE_ _cDGrenS0_ _ENDIF_,_sDGrenS0_ = _IF_ (_InitCalc_ _EQ_ _TRUE_) _THEN_ _fSedPhyt0_ * _sDGrenWHyp0_ _ELSE_ _cDGrenS0_ _ENDIF_,_sDGrenS0_ = _IF_ (_InitCalc_ _EQ_ _TRUE_) _THEN_ _fSedPhyt0_ * _sDGrenWHyp0_ _ELSE_ _cDGrenS0_ _ENDIF_,TRUE,TRUE,TRUE
81,0,_sNGrenS0_,_gN_*_m_^-2,-,Green_algae_N_on_lake_sediment,-,-1,_sNGrenS0_ = _IF_ (_InitCalc_ _EQ_ _TRUE_) _THEN_ _cNDGren0_ * _sDGrenS0_ _ELSE_ _cNGrenS0_ _ENDIF_,_sNGrenS0_ = _IF_ (_InitCalc_ _EQ_ _TRUE_) _THEN_ _cNDGren0_ * _sDGrenS0_ _ELSE_ _cNGrenS0_ _ENDIF_,_sNGrenS0_ = _IF_ (_InitCalc_ _EQ_ _TRUE_) _THEN_ _cNDGren0_ * _sDGrenS0_ _ELSE_ _cNGrenS0_ _ENDIF_,_sNGrenS0_ = _IF_ (_InitCalc_ _EQ_ _TRUE_) _THEN_ _cNDGren0_ * _sDGrenS0_ _ELSE_ _cNGrenS0_ _ENDIF_,TRUE,TRUE,TRUE
82,0,_sPGrenS0_,_gP_*_m_^-2,-,Green_algae_P_on_lake_sediment,-,-1,_sPGrenS0_ = _IF_ (_InitCalc_ _EQ_ _TRUE_) _THEN_ _cPDGren0_ * _sDGrenS0_ _ELSE_ _cPGrenS0_ _ENDIF_,_sPGrenS0_ = _IF_ (_InitCalc_ _EQ_ _TRUE_) _THEN_ _cPDGren0_ * _sDGrenS0_ _ELSE_ _cPGrenS0_ _ENDIF_,_sPGrenS0_ = _IF_ (_InitCalc_ _EQ_ _TRUE_) _THEN_ _cPDGren0_ * _sDGrenS0_ _ELSE_ _cPGrenS0_ _ENDIF_,_sPGrenS0_ = _IF_ (_InitCalc_ _EQ_ _TRUE_) _THEN_ _cPDGren0_ * _sDGrenS0_ _ELSE_ _cPGrenS0_ _ENDIF_,TRUE,TRUE,TRUE
83,0,_sDBlueS0_,_gDW_*_m_^-2,-,Blue-greens_DW_on_lake_sediment,-,-1,_sDBlueS0_ = _IF_ (_InitCalc_ _EQ_ _TRUE_) _THEN_ _fSedPhyt0_ * _sDBlueWHyp0_ _ELSE_ _cDBlueS0_ _ENDIF_,_sDBlueS0_ = _IF_ (_InitCalc_ _EQ_ _TRUE_) _THEN_ _fSedPhyt0_ * _sDBlueWHyp0_ _ELSE_ _cDBlueS0_ _ENDIF_,_sDBlueS0_ = _IF_ (_InitCalc_ _EQ_ _TRUE_) _THEN_ _fSedPhyt0_ * _sDBlueWHyp0_ _ELSE_ _cDBlueS0_ _ENDIF_,_sDBlueS0_ = _IF_ (_InitCalc_ _EQ_ _TRUE_) _THEN_ _fSedPhyt0_ * _sDBlueWHyp0_ _ELSE_ _cDBlueS0_ _ENDIF_,TRUE,TRUE,TRUE
84,0,_sNBlueS0_,_gN_*_m_^-2,-,Blue-greens_N_on_lake_sediment,-,-1,_sNBlueS0_ = _IF_ (_InitCalc_ _EQ_ _TRUE_) _THEN_ _cNDBlue0_ * _sDBlueS0_ _ELSE_ _cNBlueS0_ _ENDIF_,_sNBlueS0_ = _IF_ (_InitCalc_ _EQ_ _TRUE_) _THEN_ _cNDBlue0_ * _sDBlueS0_ _ELSE_ _cNBlueS0_ _ENDIF_,_sNBlueS0_ = _IF_ (_InitCalc_ _EQ_ _TRUE_) _THEN_ _cNDBlue0_ * _sDBlueS0_ _ELSE_ _cNBlueS0_ _ENDIF_,_sNBlueS0_ = _IF_ (_InitCalc_ _EQ_ _TRUE_) _THEN_ _cNDBlue0_ * _sDBlueS0_ _ELSE_ _cNBlueS0_ _ENDIF_,TRUE,TRUE,TRUE
85,0,_sPBlueS0_,_gP_*_m_^-2,-,Blue-greens_P_on_lake_sediment,-,-1,_sPBlueS0_ = _IF_ (_InitCalc_ _EQ_ _TRUE_) _THEN_ _cPDBlue0_ * _sDBlueS0_ _ELSE_ _cPBlueS0_ _ENDIF_,_sPBlueS0_ = _IF_ (_InitCalc_ _EQ_ _TRUE_) _THEN_ _cPDBlue0_ * _sDBlueS0_ _ELSE_ _cPBlueS0_ _ENDIF_,_sPBlueS0_ = _IF_ (_InitCalc_ _EQ_ _TRUE_) _THEN_ _cPDBlue0_ * _sDBlueS0_ _ELSE_ _cPBlueS0_ _ENDIF_,_sPBlueS0_ = _IF_ (_InitCalc_ _EQ_ _TRUE_) _THEN_ _cPDBlue0_ * _sDBlueS0_ _ELSE_ _cPBlueS0_ _ENDIF_,TRUE,TRUE,TRUE
86,0,_sDVeg0_,_gDW_*_m_^-2,-,Vegetation_DW_in_lake_water,-,-1,_sDVeg0_ = _cDVeg0_,_sDVeg0_ = _cDVeg0_,_sDVeg0_ = _cDVeg0_,_sDVeg0_ = _cDVeg0_,TRUE,TRUE,TRUE
87,0,_sNVeg0_,_gN_*_m_^-2,-,Vegetation_N_in_lake_water,-,-1,_sNVeg0_ = _IF_ (_InitCalc_ _EQ_ _TRUE_) _THEN_ _cNDVeg0_ * _sDVeg0_ _ELSE_ _cNVeg0_ _ENDIF_,_sNVeg0_ = _IF_ (_InitCalc_ _EQ_ _TRUE_) _THEN_ _cNDVeg0_ * _sDVeg0_ _ELSE_ _cNVeg0_ _ENDIF_,_sNVeg0_ = _IF_ (_InitCalc_ _EQ_ _TRUE_) _THEN_ _cNDVeg0_ * _sDVeg0_ _ELSE_ _cNVeg0_ _ENDIF_,_sNVeg0_ = _IF_ (_InitCalc_ _EQ_ _TRUE_) _THEN_ _cNDVeg0_ * _sDVeg0_ _ELSE_ _cNVeg0_ _ENDIF_,TRUE,TRUE,TRUE
88,0,_sPVeg0_,_gP_*_m_^-2,-,Vegetation_P_in_lake_water,-,-1,_sPVeg0_ = _IF_ (_InitCalc_ _EQ_ _TRUE_) _THEN_ _cPDVeg0_ * _sDVeg0_ _ELSE_ _cPVeg0_ _ENDIF_,_sPVeg0_ = _IF_ (_InitCalc_ _EQ_ _TRUE_) _THEN_ _cPDVeg0_ * _sDVeg0_ _ELSE_ _cPVeg0_ _ENDIF_,_sPVeg0_ = _IF_ (_InitCalc_ _EQ_ _TRUE_) _THEN_ _cPDVeg0_ * _sDVeg0_ _ELSE_ _cPVeg0_ _ENDIF_,_sPVeg0_ = _IF_ (_InitCalc_ _EQ_ _TRUE_) _THEN_ _cPDVeg0_ * _sDVeg0_ _ELSE_ _cPVeg0_ _ENDIF_,TRUE,TRUE,TRUE
89,0,_sVegHeight0_,_m_,-,Height_of_the_vegetation,-,-1,"_sVegHeight0_ = _MIN_ (_cVegHeight_, _sDepthW0_ )","_sVegHeight0_ = _MIN_ (_cVegHeight_, _sDepthW0_ )","_sVegHeight0_ = _MIN_ (_cVegHeight_, _sDepthW0_ )","_sVegHeight0_ = _MIN_ (_cVegHeight_, _sDepthW0_ )",TRUE,TRUE,TRUE
90,0,_sDBent0_,_gDW_*_m_^-2,-,Zoobenthos_DW_in_lake_sediment,-,-1,_sDBent0_ = _cDBent0_,_sDBent0_ = _cDBent0_,_sDBent0_ = _cDBent0_,_sDBent0_ = _cDBent0_,TRUE,TRUE,TRUE
91,0,_sNBent0_,_gN_*_m_^-2,-,Zoobenthos_N_in_lake_sediment,-,-1,_sNBent0_ = _IF_ (_InitCalc_ _EQ_ _TRUE_) _THEN_ _cNDBentRef_ * _sDBent0_ _ELSE_ _cNBent0_ _ENDIF_,_sNBent0_ = _IF_ (_InitCalc_ _EQ_ _TRUE_) _THEN_ _cNDBentRef_ * _sDBent0_ _ELSE_ _cNBent0_ _ENDIF_,_sNBent0_ = _IF_ (_InitCalc_ _EQ_ _TRUE_) _THEN_ _cNDBentRef_ * _sDBent0_ _ELSE_ _cNBent0_ _ENDIF_,_sNBent0_ = _IF_ (_InitCalc_ _EQ_ _TRUE_) _THEN_ _cNDBentRef_ * _sDBent0_ _ELSE_ _cNBent0_ _ENDIF_,TRUE,TRUE,TRUE
92,0,_sPBent0_,_gP_*_m_^-2,-,Zoobenthos_P_in_lake_sediment,-,-1,_sPBent0_ = _IF_ (_InitCalc_ _EQ_ _TRUE_) _THEN_ _cPDBentRef_ * _sDBent0_ _ELSE_ _cPBent0_ _ENDIF_,_sPBent0_ = _IF_ (_InitCalc_ _EQ_ _TRUE_) _THEN_ _cPDBentRef_ * _sDBent0_ _ELSE_ _cPBent0_ _ENDIF_,_sPBent0_ = _IF_ (_InitCalc_ _EQ_ _TRUE_) _THEN_ _cPDBentRef_ * _sDBent0_ _ELSE_ _cPBent0_ _ENDIF_,_sPBent0_ = _IF_ (_InitCalc_ _EQ_ _TRUE_) _THEN_ _cPDBentRef_ * _sDBent0_ _ELSE_ _cPBent0_ _ENDIF_,TRUE,TRUE,TRUE
93,0,_sDepthWM0_,_m_,-,Depth_of_marsh_water,-,-1,_sDepthWM0_ = _cDepthWM0_,_sDepthWM0_ = _cDepthWM0_,_sDepthWM0_ = _cDepthWM0_,_sDepthWM0_ = _cDepthWM0_,TRUE,TRUE,TRUE
94,0,_MassWM0_,_m_,-,Conversion_factor_from_concentration_to_mass,-,-1,_MassWM0_ = _IF_ _CalcMass_ _EQ_ _TRUE_ _THEN_ _sDepthWM0_ _ELSE_ 1.0 _ENDIF_,_MassWM0_ = _IF_ _CalcMass_ _EQ_ _TRUE_ _THEN_ _sDepthWM0_ _ELSE_ 1.0 _ENDIF_,_MassWM0_ = _IF_ _CalcMass_ _EQ_ _TRUE_ _THEN_ _sDepthWM0_ _ELSE_ 1.0 _ENDIF_,_MassWM0_ = _IF_ _CalcMass_ _EQ_ _TRUE_ _THEN_ _sDepthWM0_ _ELSE_ 1.0 _ENDIF_,TRUE,TRUE,TRUE
95,0,_sNH4WM0_,_gN_*_m_^-2,-,N_in_NH4_in_marsh_water,-,-1,_sNH4WM0_ = _IF_ (_InitCalc_ _EQ_ _TRUE_) _THEN_ _sNH4WEpi0_ _ELSE_ _cNH4WM0_ * _MassWM0_ _ENDIF_,_sNH4WM0_ = _IF_ (_InitCalc_ _EQ_ _TRUE_) _THEN_ _sNH4WEpi0_ _ELSE_ _cNH4WM0_ * _MassWM0_ _ENDIF_,_sNH4WM0_ = _IF_ (_InitCalc_ _EQ_ _TRUE_) _THEN_ _sNH4WEpi0_ _ELSE_ _cNH4WM0_ * _MassWM0_ _ENDIF_,_sNH4WM0_ = _IF_ (_InitCalc_ _EQ_ _TRUE_) _THEN_ _sNH4WEpi0_ _ELSE_ _cNH4WM0_ * _MassWM0_ _ENDIF_,TRUE,TRUE,TRUE
96,0,_sNO3WM0_,_gN_*_m_^-2,-,N_in_NO3_in_marsh_water,-,-1,_sNO3WM0_ = _IF_ (_InitCalc_ _EQ_ _TRUE_) _THEN_ _sNO3WEpi0_ _ELSE_ _cNO3WM0_ * _MassWM0_ _ENDIF_,_sNO3WM0_ = _IF_ (_InitCalc_ _EQ_ _TRUE_) _THEN_ _sNO3WEpi0_ _ELSE_ _cNO3WM0_ * _MassWM0_ _ENDIF_,_sNO3WM0_ = _IF_ (_InitCalc_ _EQ_ _TRUE_) _THEN_ _sNO3WEpi0_ _ELSE_ _cNO3WM0_ * _MassWM0_ _ENDIF_,_sNO3WM0_ = _IF_ (_InitCalc_ _EQ_ _TRUE_) _THEN_ _sNO3WEpi0_ _ELSE_ _cNO3WM0_ * _MassWM0_ _ENDIF_,TRUE,TRUE,TRUE
97,0,_sPO4WM0_,_gP_*_m_^-2,-,P_in_PO4_in_marsh_water,-,-1,_sPO4WM0_ = _IF_ (_InitCalc_ _EQ_ _TRUE_) _THEN_ _sPO4WEpi0_ _ELSE_ _cPO4WM0_ * _MassWM0_ _ENDIF_,_sPO4WM0_ = _IF_ (_InitCalc_ _EQ_ _TRUE_) _THEN_ _sPO4WEpi0_ _ELSE_ _cPO4WM0_ * _MassWM0_ _ENDIF_,_sPO4WM0_ = _IF_ (_InitCalc_ _EQ_ _TRUE_) _THEN_ _sPO4WEpi0_ _ELSE_ _cPO4WM0_ * _MassWM0_ _ENDIF_,_sPO4WM0_ = _IF_ (_InitCalc_ _EQ_ _TRUE_) _THEN_ _sPO4WEpi0_ _ELSE_ _cPO4WM0_ * _MassWM0_ _ENDIF_,TRUE,TRUE,TRUE
98,0,_sPAIMWM0_,_gP_*_m_^-2,-,P_adsorbed_onto_IM_in_marsh_water,-,-1,_sPAIMWM0_ = _IF_ (_InitCalc_ _EQ_ _TRUE_) _THEN_ _sPAIMWEpi0_ _ELSE_ _cPAIMWM0_ * _MassWM0_ _ENDIF_,_sPAIMWM0_ = _IF_ (_InitCalc_ _EQ_ _TRUE_) _THEN_ _sPAIMWEpi0_ _ELSE_ _cPAIMWM0_ * _MassWM0_ _ENDIF_,_sPAIMWM0_ = _IF_ (_InitCalc_ _EQ_ _TRUE_) _THEN_ _sPAIMWEpi0_ _ELSE_ _cPAIMWM0_ * _MassWM0_ _ENDIF_,_sPAIMWM0_ = _IF_ (_InitCalc_ _EQ_ _TRUE_) _THEN_ _sPAIMWEpi0_ _ELSE_ _cPAIMWM0_ * _MassWM0_ _ENDIF_,TRUE,TRUE,TRUE
99,0,_sSiO2WM0_,_gSi_*_m_^-2,-,Dissolved_Si_in_marsh_water,-,-1,_sSiO2WM0_ = _IF_ (_InitCalc_ _EQ_ _TRUE_) _THEN_ _sSiO2WEpi0_ _ELSE_ _cSiO2WM0_ * _MassWM0_ _ENDIF_,_sSiO2WM0_ = _IF_ (_InitCalc_ _EQ_ _TRUE_) _THEN_ _sSiO2WEpi0_ _ELSE_ _cSiO2WM0_ * _MassWM0_ _ENDIF_,_sSiO2WM0_ = _IF_ (_InitCalc_ _EQ_ _TRUE_) _THEN_ _sSiO2WEpi0_ _ELSE_ _cSiO2WM0_ * _MassWM0_ _ENDIF_,_sSiO2WM0_ = _IF_ (_InitCalc_ _EQ_ _TRUE_) _THEN_ _sSiO2WEpi0_ _ELSE_ _cSiO2WM0_ * _MassWM0_ _ENDIF_,TRUE,TRUE,TRUE
100,0,_sO2WM0_,_gO2_*_m_^-2,-,Oxygen_in_marsh_water,-,-1,_sO2WM0_ = _IF_ (_InitCalc_ _EQ_ _TRUE_) _THEN_ _sO2WEpi0_ _ELSE_ _cO2WM0_ * _MassWM0_ _ENDIF_,_sO2WM0_ = _IF_ (_InitCalc_ _EQ_ _TRUE_) _THEN_ _sO2WEpi0_ _ELSE_ _cO2WM0_ * _MassWM0_ _ENDIF_,_sO2WM0_ = _IF_ (_InitCalc_ _EQ_ _TRUE_) _THEN_ _sO2WEpi0_ _ELSE_ _cO2WM0_ * _MassWM0_ _ENDIF_,_sO2WM0_ = _IF_ (_InitCalc_ _EQ_ _TRUE_) _THEN_ _sO2WEpi0_ _ELSE_ _cO2WM0_ * _MassWM0_ _ENDIF_,TRUE,TRUE,TRUE
101,0,_sDDetWM0_,_gDW_*_m_^-2,-,Detritus_DW_in_marsh_water,-,-1,_sDDetWM0_ = _IF_ (_InitCalc_ _EQ_ _TRUE_) _THEN_ _sDDetWEpi0_ _ELSE_ _cDDetWM0_ * _MassWM0_ _ENDIF_,_sDDetWM0_ = _IF_ (_InitCalc_ _EQ_ _TRUE_) _THEN_ _sDDetWEpi0_ _ELSE_ _cDDetWM0_ * _MassWM0_ _ENDIF_,_sDDetWM0_ = _IF_ (_InitCalc_ _EQ_ _TRUE_) _THEN_ _sDDetWEpi0_ _ELSE_ _cDDetWM0_ * _MassWM0_ _ENDIF_,_sDDetWM0_ = _IF_ (_InitCalc_ _EQ_ _TRUE_) _THEN_ _sDDetWEpi0_ _ELSE_ _cDDetWM0_ * _MassWM0_ _ENDIF_,TRUE,TRUE,TRUE
102,0,_sNDetWM0_,_gN_*_m_^-2,-,Detritus_N_in_marsh_water,-,-1,_sNDetWM0_ = _IF_ (_InitCalc_ _EQ_ _TRUE_) _THEN_ _sNDetWEpi0_ _ELSE_ _cNDetWM0_ * _MassWM0_ _ENDIF_,_sNDetWM0_ = _IF_ (_InitCalc_ _EQ_ _TRUE_) _THEN_ _sNDetWEpi0_ _ELSE_ _cNDetWM0_ * _MassWM0_ _ENDIF_,_sNDetWM0_ = _IF_ (_InitCalc_ _EQ_ _TRUE_) _THEN_ _sNDetWEpi0_ _ELSE_ _cNDetWM0_ * _MassWM0_ _ENDIF_,_sNDetWM0_ = _IF_ (_InitCalc_ _EQ_ _TRUE_) _THEN_ _sNDetWEpi0_ _ELSE_ _cNDetWM0_ * _MassWM0_ _ENDIF_,TRUE,TRUE,TRUE
103,0,_sPDetWM0_,_gP_*_m_^-2,-,Detritus_P_in_marsh_water,-,-1,_sPDetWM0_ = _IF_ (_InitCalc_ _EQ_ _TRUE_) _THEN_ _sPDetWEpi0_ _ELSE_ _cPDetWM0_ * _MassWM0_ _ENDIF_,_sPDetWM0_ = _IF_ (_InitCalc_ _EQ_ _TRUE_) _THEN_ _sPDetWEpi0_ _ELSE_ _cPDetWM0_ * _MassWM0_ _ENDIF_,_sPDetWM0_ = _IF_ (_InitCalc_ _EQ_ _TRUE_) _THEN_ _sPDetWEpi0_ _ELSE_ _cPDetWM0_ * _MassWM0_ _ENDIF_,_sPDetWM0_ = _IF_ (_InitCalc_ _EQ_ _TRUE_) _THEN_ _sPDetWEpi0_ _ELSE_ _cPDetWM0_ * _MassWM0_ _ENDIF_,TRUE,TRUE,TRUE
104,0,_sSiDetWM0_,_gSi_*_m_^-2,-,Detritus_Si_in_marsh_water,-,-1,_sSiDetWM0_ = _IF_ (_InitCalc_ _EQ_ _TRUE_) _THEN_ _sSiDetWEpi0_ _ELSE_ _cSiDetWM0_ * _MassWM0_ _ENDIF_,_sSiDetWM0_ = _IF_ (_InitCalc_ _EQ_ _TRUE_) _THEN_ _sSiDetWEpi0_ _ELSE_ _cSiDetWM0_ * _MassWM0_ _ENDIF_,_sSiDetWM0_ = _IF_ (_InitCalc_ _EQ_ _TRUE_) _THEN_ _sSiDetWEpi0_ _ELSE_ _cSiDetWM0_ * _MassWM0_ _ENDIF_,_sSiDetWM0_ = _IF_ (_InitCalc_ _EQ_ _TRUE_) _THEN_ _sSiDetWEpi0_ _ELSE_ _cSiDetWM0_ * _MassWM0_ _ENDIF_,TRUE,TRUE,TRUE
105,0,_sDIMWM0_,_gDW_*_m_^-2,-,Inorganic_matter_in_marsh_water,-,-1,_sDIMWM0_ = _IF_ (_InitCalc_ _EQ_ _TRUE_) _THEN_ _sDIMWEpi0_ _ELSE_ _cDIMWM0_ * _MassWM0_ _ENDIF_,_sDIMWM0_ = _IF_ (_InitCalc_ _EQ_ _TRUE_) _THEN_ _sDIMWEpi0_ _ELSE_ _cDIMWM0_ * _MassWM0_ _ENDIF_,_sDIMWM0_ = _IF_ (_InitCalc_ _EQ_ _TRUE_) _THEN_ _sDIMWEpi0_ _ELSE_ _cDIMWM0_ * _MassWM0_ _ENDIF_,_sDIMWM0_ = _IF_ (_InitCalc_ _EQ_ _TRUE_) _THEN_ _sDIMWEpi0_ _ELSE_ _cDIMWM0_ * _MassWM0_ _ENDIF_,TRUE,TRUE,TRUE
106,0,_sDDiatWM0_,_gDW_*_m_^-2,-,Diatoms_DW_in_marsh_water,-,-1,_sDDiatWM0_ = _IF_ (_InitCalc_ _EQ_ _TRUE_) _THEN_ _sDDiatWEpi0_ _ELSE_ _cDDiatWM0_ * _MassWM0_ _ENDIF_,_sDDiatWM0_ = _IF_ (_InitCalc_ _EQ_ _TRUE_) _THEN_ _sDDiatWEpi0_ _ELSE_ _cDDiatWM0_ * _MassWM0_ _ENDIF_,_sDDiatWM0_ = _IF_ (_InitCalc_ _EQ_ _TRUE_) _THEN_ _sDDiatWEpi0_ _ELSE_ _cDDiatWM0_ * _MassWM0_ _ENDIF_,_sDDiatWM0_ = _IF_ (_InitCalc_ _EQ_ _TRUE_) _THEN_ _sDDiatWEpi0_ _ELSE_ _cDDiatWM0_ * _MassWM0_ _ENDIF_,TRUE,TRUE,TRUE
107,0,_sNDiatWM0_,_gN_*_m_^-2,-,Diatoms_N_in_marsh_water,-,-1,_sNDiatWM0_ = _IF_ (_InitCalc_ _EQ_ _TRUE_) _THEN_ _sNDiatWEpi0_ _ELSE_ _cNDiatWM0_ * _MassWM0_ _ENDIF_,_sNDiatWM0_ = _IF_ (_InitCalc_ _EQ_ _TRUE_) _THEN_ _sNDiatWEpi0_ _ELSE_ _cNDiatWM0_ * _MassWM0_ _ENDIF_,_sNDiatWM0_ = _IF_ (_InitCalc_ _EQ_ _TRUE_) _THEN_ _sNDiatWEpi0_ _ELSE_ _cNDiatWM0_ * _MassWM0_ _ENDIF_,_sNDiatWM0_ = _IF_ (_InitCalc_ _EQ_ _TRUE_) _THEN_ _sNDiatWEpi0_ _ELSE_ _cNDiatWM0_ * _MassWM0_ _ENDIF_,TRUE,TRUE,TRUE
108,0,_sPDiatWM0_,_gP_*_m_^-2,-,Diatoms_P_in_marsh_water,-,-1,_sPDiatWM0_ = _IF_ (_InitCalc_ _EQ_ _TRUE_) _THEN_ _sPDiatWEpi0_ _ELSE_ _cPDiatWM0_ * _MassWM0_ _ENDIF_,_sPDiatWM0_ = _IF_ (_InitCalc_ _EQ_ _TRUE_) _THEN_ _sPDiatWEpi0_ _ELSE_ _cPDiatWM0_ * _MassWM0_ _ENDIF_,_sPDiatWM0_ = _IF_ (_InitCalc_ _EQ_ _TRUE_) _THEN_ _sPDiatWEpi0_ _ELSE_ _cPDiatWM0_ * _MassWM0_ _ENDIF_,_sPDiatWM0_ = _IF_ (_InitCalc_ _EQ_ _TRUE_) _THEN_ _sPDiatWEpi0_ _ELSE_ _cPDiatWM0_ * _MassWM0_ _ENDIF_,TRUE,TRUE,TRUE
109,0,_sDGrenWM0_,_gDW_*_m_^-2,-,Green_algae_DW_in_marsh_water,-,-1,_sDGrenWM0_ = _IF_ (_InitCalc_ _EQ_ _TRUE_) _THEN_ _sDGrenWEpi0_ _ELSE_ _cDGrenWM0_ * _MassWM0_ _ENDIF_,_sDGrenWM0_ = _IF_ (_InitCalc_ _EQ_ _TRUE_) _THEN_ _sDGrenWEpi0_ _ELSE_ _cDGrenWM0_ * _MassWM0_ _ENDIF_,_sDGrenWM0_ = _IF_ (_InitCalc_ _EQ_ _TRUE_) _THEN_ _sDGrenWEpi0_ _ELSE_ _cDGrenWM0_ * _MassWM0_ _ENDIF_,_sDGrenWM0_ = _IF_ (_InitCalc_ _EQ_ _TRUE_) _THEN_ _sDGrenWEpi0_ _ELSE_ _cDGrenWM0_ * _MassWM0_ _ENDIF_,TRUE,TRUE,TRUE
110,0,_sNGrenWM0_,_gN_*_m_^-2,-,Green_algae_N_in_marsh_water,-,-1,_sNGrenWM0_ = _IF_ (_InitCalc_ _EQ_ _TRUE_) _THEN_ _sNGrenWEpi0_ _ELSE_ _cNGrenWM0_ * _MassWM0_ _ENDIF_,_sNGrenWM0_ = _IF_ (_InitCalc_ _EQ_ _TRUE_) _THEN_ _sNGrenWEpi0_ _ELSE_ _cNGrenWM0_ * _MassWM0_ _ENDIF_,_sNGrenWM0_ = _IF_ (_InitCalc_ _EQ_ _TRUE_) _THEN_ _sNGrenWEpi0_ _ELSE_ _cNGrenWM0_ * _MassWM0_ _ENDIF_,_sNGrenWM0_ = _IF_ (_InitCalc_ _EQ_ _TRUE_) _THEN_ _sNGrenWEpi0_ _ELSE_ _cNGrenWM0_ * _MassWM0_ _ENDIF_,TRUE,TRUE,TRUE
111,0,_sPGrenWM0_,_gP_*_m_^-2,-,Green_algae_P_in_marsh_water,-,-1,_sPGrenWM0_ = _IF_ (_InitCalc_ _EQ_ _TRUE_) _THEN_ _sPGrenWEpi0_ _ELSE_ _cPGrenWM0_ * _MassWM0_ _ENDIF_,_sPGrenWM0_ = _IF_ (_InitCalc_ _EQ_ _TRUE_) _THEN_ _sPGrenWEpi0_ _ELSE_ _cPGrenWM0_ * _MassWM0_ _ENDIF_,_sPGrenWM0_ = _IF_ (_InitCalc_ _EQ_ _TRUE_) _THEN_ _sPGrenWEpi0_ _ELSE_ _cPGrenWM0_ * _MassWM0_ _ENDIF_,_sPGrenWM0_ = _IF_ (_InitCalc_ _EQ_ _TRUE_) _THEN_ _sPGrenWEpi0_ _ELSE_ _cPGrenWM0_ * _MassWM0_ _ENDIF_,TRUE,TRUE,TRUE
112,0,_sDBlueWM0_,_gDW_*_m_^-2,-,Blue-greens_DW_in_marsh_water,-,-1,_sDBlueWM0_ = _IF_ (_InitCalc_ _EQ_ _TRUE_) _THEN_ _sDBlueWEpi0_ _ELSE_ _cDBlueWM0_ * _MassWM0_ _ENDIF_,_sDBlueWM0_ = _IF_ (_InitCalc_ _EQ_ _TRUE_) _THEN_ _sDBlueWEpi0_ _ELSE_ _cDBlueWM0_ * _MassWM0_ _ENDIF_,_sDBlueWM0_ = _IF_ (_InitCalc_ _EQ_ _TRUE_) _THEN_ _sDBlueWEpi0_ _ELSE_ _cDBlueWM0_ * _MassWM0_ _ENDIF_,_sDBlueWM0_ = _IF_ (_InitCalc_ _EQ_ _TRUE_) _THEN_ _sDBlueWEpi0_ _ELSE_ _cDBlueWM0_ * _MassWM0_ _ENDIF_,TRUE,TRUE,TRUE
113,0,_sNBlueWM0_,_gN_*_m_^-2,-,Blue-greens_N_in_marsh_water,-,-1,_sNBlueWM0_ = _IF_ (_InitCalc_ _EQ_ _TRUE_) _THEN_ _sNBlueWEpi0_ _ELSE_ _cNBlueWM0_ * _MassWM0_ _ENDIF_,_sNBlueWM0_ = _IF_ (_InitCalc_ _EQ_ _TRUE_) _THEN_ _sNBlueWEpi0_ _ELSE_ _cNBlueWM0_ * _MassWM0_ _ENDIF_,_sNBlueWM0_ = _IF_ (_InitCalc_ _EQ_ _TRUE_) _THEN_ _sNBlueWEpi0_ _ELSE_ _cNBlueWM0_ * _MassWM0_ _ENDIF_,_sNBlueWM0_ = _IF_ (_InitCalc_ _EQ_ _TRUE_) _THEN_ _sNBlueWEpi0_ _ELSE_ _cNBlueWM0_ * _MassWM0_ _ENDIF_,TRUE,TRUE,TRUE
114,0,_sPBlueWM0_,_gP_*_m_^-2,-,Blue-greens_P_in_marsh_water,-,-1,_sPBlueWM0_ = _IF_ (_InitCalc_ _EQ_ _TRUE_) _THEN_ _sPBlueWEpi0_ _ELSE_ _cPBlueWM0_ * _MassWM0_ _ENDIF_,_sPBlueWM0_ = _IF_ (_InitCalc_ _EQ_ _TRUE_) _THEN_ _sPBlueWEpi0_ _ELSE_ _cPBlueWM0_ * _MassWM0_ _ENDIF_,_sPBlueWM0_ = _IF_ (_InitCalc_ _EQ_ _TRUE_) _THEN_ _sPBlueWEpi0_ _ELSE_ _cPBlueWM0_ * _MassWM0_ _ENDIF_,_sPBlueWM0_ = _IF_ (_InitCalc_ _EQ_ _TRUE_) _THEN_ _sPBlueWEpi0_ _ELSE_ _cPBlueWM0_ * _MassWM0_ _ENDIF_,TRUE,TRUE,TRUE
115,0,_sDZooM0_,_gDW_*_m_^-2,-,Zooplankton_DW_in_marsh_water,-,-1,_sDZooM0_ = _IF_ (_InitCalc_ _EQ_ _TRUE_) _THEN_ _sDZooEpi0_ _ELSE_ _cDZooM0_ * _MassWM0_ _ENDIF_,_sDZooM0_ = _IF_ (_InitCalc_ _EQ_ _TRUE_) _THEN_ _sDZooEpi0_ _ELSE_ _cDZooM0_ * _MassWM0_ _ENDIF_,_sDZooM0_ = _IF_ (_InitCalc_ _EQ_ _TRUE_) _THEN_ _sDZooEpi0_ _ELSE_ _cDZooM0_ * _MassWM0_ _ENDIF_,_sDZooM0_ = _IF_ (_InitCalc_ _EQ_ _TRUE_) _THEN_ _sDZooEpi0_ _ELSE_ _cDZooM0_ * _MassWM0_ _ENDIF_,TRUE,TRUE,TRUE
116,0,_sNZooM0_,_gN_*_m_^-2,-,Zooplankton_N_in_marsh_water,-,-1,_sNZooM0_ = _IF_ (_InitCalc_ _EQ_ _TRUE_) _THEN_ _sNZooEpi0_ _ELSE_ _cNZooM0_ * _MassWM0_ _ENDIF_,_sNZooM0_ = _IF_ (_InitCalc_ _EQ_ _TRUE_) _THEN_ _sNZooEpi0_ _ELSE_ _cNZooM0_ * _MassWM0_ _ENDIF_,_sNZooM0_ = _IF_ (_InitCalc_ _EQ_ _TRUE_) _THEN_ _sNZooEpi0_ _ELSE_ _cNZooM0_ * _MassWM0_ _ENDIF_,_sNZooM0_ = _IF_ (_InitCalc_ _EQ_ _TRUE_) _THEN_ _sNZooEpi0_ _ELSE_ _cNZooM0_ * _MassWM0_ _ENDIF_,TRUE,TRUE,TRUE
117,0,_sPZooM0_,_gP_*_m_^-2,-,Zooplankton_P_in_marsh_water,-,-1,_sPZooM0_ = _IF_ (_InitCalc_ _EQ_ _TRUE_) _THEN_ _sPZooEpi0_ _ELSE_ _cPZooM0_ * _MassWM0_ _ENDIF_,_sPZooM0_ = _IF_ (_InitCalc_ _EQ_ _TRUE_) _THEN_ _sPZooEpi0_ _ELSE_ _cPZooM0_ * _MassWM0_ _ENDIF_,_sPZooM0_ = _IF_ (_InitCalc_ _EQ_ _TRUE_) _THEN_ _sPZooEpi0_ _ELSE_ _cPZooM0_ * _MassWM0_ _ENDIF_,_sPZooM0_ = _IF_ (_InitCalc_ _EQ_ _TRUE_) _THEN_ _sPZooEpi0_ _ELSE_ _cPZooM0_ * _MassWM0_ _ENDIF_,TRUE,TRUE,TRUE
118,0,_sNH4SM0_,_gN_*_m_^-2,-,N_in_NH4_in_marsh_sediment_pore_water,-,-1,_sNH4SM0_ = _IF_ (_InitCalc_ _EQ_ _TRUE_) _THEN_ _sNH4S0_ _ELSE_ _cNH4SM0_ _ENDIF_,_sNH4SM0_ = _IF_ (_InitCalc_ _EQ_ _TRUE_) _THEN_ _sNH4S0_ _ELSE_ _cNH4SM0_ _ENDIF_,_sNH4SM0_ = _IF_ (_InitCalc_ _EQ_ _TRUE_) _THEN_ _sNH4S0_ _ELSE_ _cNH4SM0_ _ENDIF_,_sNH4SM0_ = _IF_ (_InitCalc_ _EQ_ _TRUE_) _THEN_ _sNH4S0_ _ELSE_ _cNH4SM0_ _ENDIF_,TRUE,TRUE,TRUE
119,0,_sNO3SM0_,_gN_*_m_^-2,-,N_in_NO3_in_marsh_sediment_pore_water,-,-1,_sNO3SM0_ = _IF_ (_InitCalc_ _EQ_ _TRUE_) _THEN_ _sNO3S0_ _ELSE_ _cNO3SM0_ _ENDIF_,_sNO3SM0_ = _IF_ (_InitCalc_ _EQ_ _TRUE_) _THEN_ _sNO3S0_ _ELSE_ _cNO3SM0_ _ENDIF_,_sNO3SM0_ = _IF_ (_InitCalc_ _EQ_ _TRUE_) _THEN_ _sNO3S0_ _ELSE_ _cNO3SM0_ _ENDIF_,_sNO3SM0_ = _IF_ (_InitCalc_ _EQ_ _TRUE_) _THEN_ _sNO3S0_ _ELSE_ _cNO3SM0_ _ENDIF_,TRUE,TRUE,TRUE
120,0,_bRhoSolidSM0_,_gDW_*_m_^-3,-,Average_density_of_solid_material,-,-1,_bRhoSolidSM0_ = _IF_ (_InitCalc_ _EQ_ _TRUE_) _THEN_ _fDOrgSM0_ * _cRhoOM_ +(1.0 - _fDOrgSM0_) * _cRhoIM_ _ELSE_ _fDOrgSM0_ * _cRhoOM_ +(1.0 - _fDOrgSM0_) * _cRhoIM_ _ENDIF_,_bRhoSolidSM0_ = _IF_ (_InitCalc_ _EQ_ _TRUE_) _THEN_ _fDOrgSM0_ * _cRhoOM_ +(1.0 - _fDOrgSM0_) * _cRhoIM_ _ELSE_ _fDOrgSM0_ * _cRhoOM_ +(1.0 - _fDOrgSM0_) * _cRhoIM_ _ENDIF_,_bRhoSolidSM0_ = _IF_ (_InitCalc_ _EQ_ _TRUE_) _THEN_ _fDOrgSM0_ * _cRhoOM_ +(1.0 - _fDOrgSM0_) * _cRhoIM_ _ELSE_ _fDOrgSM0_ * _cRhoOM_ +(1.0 - _fDOrgSM0_) * _cRhoIM_ _ENDIF_,_bRhoSolidSM0_ = _IF_ (_InitCalc_ _EQ_ _TRUE_) _THEN_ _fDOrgSM0_ * _cRhoOM_ +(1.0 - _fDOrgSM0_) * _cRhoIM_ _ELSE_ _fDOrgSM0_ * _cRhoOM_ +(1.0 - _fDOrgSM0_) * _cRhoIM_ _ENDIF_,TRUE,TRUE,TRUE
121,0,_bPorSM0_,_m_^3*_m_^-3,-,Porosity,-,-1,_bPorSM0_ = _IF_ (_InitCalc_ _EQ_ _TRUE_) _THEN_ (1.0 - _fDTotSM0_) * _bRhoSolidSM0_ / _cRhoWat_ /(_fDTotSM0_ + (1.0 - _fDTotSM0_) * _bRhoSolidSM0_ / _cRhoWat_) _ELSE_ (1.0 - _fDTotSM0_) * _bRhoSolidSM0_ / _cRhoWat_ /(_fDTotSM0_ + (1.0 - _fDTotSM0_) * _bRhoSolidSM0_ / _cRhoWat_) _ENDIF_,_bPorSM0_ = _IF_ (_InitCalc_ _EQ_ _TRUE_) _THEN_ (1.0 - _fDTotSM0_) * _bRhoSolidSM0_ / _cRhoWat_ /(_fDTotSM0_ + (1.0 - _fDTotSM0_) * _bRhoSolidSM0_ / _cRhoWat_) _ELSE_ (1.0 - _fDTotSM0_) * _bRhoSolidSM0_ / _cRhoWat_ /(_fDTotSM0_ + (1.0 - _fDTotSM0_) * _bRhoSolidSM0_ / _cRhoWat_) _ENDIF_,_bPorSM0_ = _IF_ (_InitCalc_ _EQ_ _TRUE_) _THEN_ (1.0 - _fDTotSM0_) * _bRhoSolidSM0_ / _cRhoWat_ /(_fDTotSM0_ + (1.0 - _fDTotSM0_) * _bRhoSolidSM0_ / _cRhoWat_) _ELSE_ (1.0 - _fDTotSM0_) * _bRhoSolidSM0_ / _cRhoWat_ /(_fDTotSM0_ + (1.0 - _fDTotSM0_) * _bRhoSolidSM0_ / _cRhoWat_) _ENDIF_,_bPorSM0_ = _IF_ (_InitCalc_ _EQ_ _TRUE_) _THEN_ (1.0 - _fDTotSM0_) * _bRhoSolidSM0_ / _cRhoWat_ /(_fDTotSM0_ + (1.0 - _fDTotSM0_) * _bRhoSolidSM0_ / _cRhoWat_) _ELSE_ (1.0 - _fDTotSM0_) * _bRhoSolidSM0_ / _cRhoWat_ /(_fDTotSM0_ + (1.0 - _fDTotSM0_) * _bRhoSolidSM0_ / _cRhoWat_) _ENDIF_,TRUE,TRUE,TRUE
122,0,_bRhoTotSM0_,_gDW_*_m_^-3,-,Bulk_density_of_sediment,-,-1,_bRhoTotSM0_ = _IF_ (_InitCalc_ _EQ_ _TRUE_) _THEN_ _bRhoSolidSM0_ * (1.0 - _bPorSM0_) _ELSE_ 0.0 _ENDIF_,_bRhoTotSM0_ = _IF_ (_InitCalc_ _EQ_ _TRUE_) _THEN_ _bRhoSolidSM0_ * (1.0 - _bPorSM0_) _ELSE_ 0.0 _ENDIF_,_bRhoTotSM0_ = _IF_ (_InitCalc_ _EQ_ _TRUE_) _THEN_ _bRhoSolidSM0_ * (1.0 - _bPorSM0_) _ELSE_ 0.0 _ENDIF_,_bRhoTotSM0_ = _IF_ (_InitCalc_ _EQ_ _TRUE_) _THEN_ _bRhoSolidSM0_ * (1.0 - _bPorSM0_) _ELSE_ 0.0 _ENDIF_,TRUE,TRUE,TRUE
123,0,_bDTotSM0_,_gDW_*_m_^-2,-,Total_dry-weight_in_top_layer,-,-1,_bDTotSM0_ = _IF_ (_InitCalc_ _EQ_ _TRUE_) _THEN_ _bRhoTotSM0_ * _cDepthSM_ _ELSE_ 0.0 _ENDIF_,_bDTotSM0_ = _IF_ (_InitCalc_ _EQ_ _TRUE_) _THEN_ _bRhoTotSM0_ * _cDepthSM_ _ELSE_ 0.0 _ENDIF_,_bDTotSM0_ = _IF_ (_InitCalc_ _EQ_ _TRUE_) _THEN_ _bRhoTotSM0_ * _cDepthSM_ _ELSE_ 0.0 _ENDIF_,_bDTotSM0_ = _IF_ (_InitCalc_ _EQ_ _TRUE_) _THEN_ _bRhoTotSM0_ * _cDepthSM_ _ELSE_ 0.0 _ENDIF_,TRUE,TRUE,TRUE
124,0,_fPAdsSM0_,0,-,Adsorbed_fraction_of_inorg._P_in_sediment,-,-1,_fPAdsSM0_ = _IF_ (_InitCalc_ _EQ_ _TRUE_) _THEN_ _fPAdsS0_ _ELSE_ 0.0 _ENDIF_,_fPAdsSM0_ = _IF_ (_InitCalc_ _EQ_ _TRUE_) _THEN_ _fPAdsS0_ _ELSE_ 0.0 _ENDIF_,_fPAdsSM0_ = _IF_ (_InitCalc_ _EQ_ _TRUE_) _THEN_ _fPAdsS0_ _ELSE_ 0.0 _ENDIF_,_fPAdsSM0_ = _IF_ (_InitCalc_ _EQ_ _TRUE_) _THEN_ _fPAdsS0_ _ELSE_ 0.0 _ENDIF_,TRUE,TRUE,TRUE
125,0,_sPO4SM0_,_gP_*_m_^-2,-,P_in_PO4_in_marsh_sediment_pore_water,-,-1,_sPO4SM0_ = _IF_ (_InitCalc_ _EQ_ _TRUE_) _THEN_ (1.0 - _fPAdsSM0_) * _fPInorgSM0_ * _bDTotSM0_ _ELSE_ _cPO4SM0_ _ENDIF_,_sPO4SM0_ = _IF_ (_InitCalc_ _EQ_ _TRUE_) _THEN_ (1.0 - _fPAdsSM0_) * _fPInorgSM0_ * _bDTotSM0_ _ELSE_ _cPO4SM0_ _ENDIF_,_sPO4SM0_ = _IF_ (_InitCalc_ _EQ_ _TRUE_) _THEN_ (1.0 - _fPAdsSM0_) * _fPInorgSM0_ * _bDTotSM0_ _ELSE_ _cPO4SM0_ _ENDIF_,_sPO4SM0_ = _IF_ (_InitCalc_ _EQ_ _TRUE_) _THEN_ (1.0 - _fPAdsSM0_) * _fPInorgSM0_ * _bDTotSM0_ _ELSE_ _cPO4SM0_ _ENDIF_,TRUE,TRUE,TRUE
126,0,_sPAIMSM0_,_gP_*_m_^-2,-,P_adsorbed_onto_IM_in_marsh_sediment,-,-1,_sPAIMSM0_ = _IF_ (_InitCalc_ _EQ_ _TRUE_) _THEN_ _fPAdsSM0_ * _fPInorgSM0_ * _bDTotSM0_ _ELSE_ _cPAIMSM0_ _ENDIF_,_sPAIMSM0_ = _IF_ (_InitCalc_ _EQ_ _TRUE_) _THEN_ _fPAdsSM0_ * _fPInorgSM0_ * _bDTotSM0_ _ELSE_ _cPAIMSM0_ _ENDIF_,_sPAIMSM0_ = _IF_ (_InitCalc_ _EQ_ _TRUE_) _THEN_ _fPAdsSM0_ * _fPInorgSM0_ * _bDTotSM0_ _ELSE_ _cPAIMSM0_ _ENDIF_,_sPAIMSM0_ = _IF_ (_InitCalc_ _EQ_ _TRUE_) _THEN_ _fPAdsSM0_ * _fPInorgSM0_ * _bDTotSM0_ _ELSE_ _cPAIMSM0_ _ENDIF_,TRUE,TRUE,TRUE
127,0,_sDDetSM0_,_gDW_*_m_^-2,-,Detritus_DW_in_marsh_sediment,-,-1,_sDDetSM0_ = _IF_ (_InitCalc_ _EQ_ _TRUE_) _THEN_ _fDDetSM0_ * _fDOrgSM0_ * _bDTotSM0_ _ELSE_ _cDDetSM0_ _ENDIF_,_sDDetSM0_ = _IF_ (_InitCalc_ _EQ_ _TRUE_) _THEN_ _fDDetSM0_ * _fDOrgSM0_ * _bDTotSM0_ _ELSE_ _cDDetSM0_ _ENDIF_,_sDDetSM0_ = _IF_ (_InitCalc_ _EQ_ _TRUE_) _THEN_ _fDDetSM0_ * _fDOrgSM0_ * _bDTotSM0_ _ELSE_ _cDDetSM0_ _ENDIF_,_sDDetSM0_ = _IF_ (_InitCalc_ _EQ_ _TRUE_) _THEN_ _fDDetSM0_ * _fDOrgSM0_ * _bDTotSM0_ _ELSE_ _cDDetSM0_ _ENDIF_,TRUE,TRUE,TRUE
128,0,_sNDetSM0_,_gN_*_m_^-2,-,Detritus_N_in_marsh_sediment,-,-1,_sNDetSM0_ = _IF_ (_InitCalc_ _EQ_ _TRUE_) _THEN_ _cNDDet0_ * _sDDetSM0_ _ELSE_ _cNDetSM0_ _ENDIF_,_sNDetSM0_ = _IF_ (_InitCalc_ _EQ_ _TRUE_) _THEN_ _cNDDet0_ * _sDDetSM0_ _ELSE_ _cNDetSM0_ _ENDIF_,_sNDetSM0_ = _IF_ (_InitCalc_ _EQ_ _TRUE_) _THEN_ _cNDDet0_ * _sDDetSM0_ _ELSE_ _cNDetSM0_ _ENDIF_,_sNDetSM0_ = _IF_ (_InitCalc_ _EQ_ _TRUE_) _THEN_ _cNDDet0_ * _sDDetSM0_ _ELSE_ _cNDetSM0_ _ENDIF_,TRUE,TRUE,TRUE
129,0,_sPDetSM0_,_gP_*_m_^-2,-,Detritus_P_in_marsh_sediment,-,-1,_sPDetSM0_ = _IF_ (_InitCalc_ _EQ_ _TRUE_) _THEN_ _cPDDet0_ * _sDDetSM0_ _ELSE_ _cPDetSM0_ _ENDIF_,_sPDetSM0_ = _IF_ (_InitCalc_ _EQ_ _TRUE_) _THEN_ _cPDDet0_ * _sDDetSM0_ _ELSE_ _cPDetSM0_ _ENDIF_,_sPDetSM0_ = _IF_ (_InitCalc_ _EQ_ _TRUE_) _THEN_ _cPDDet0_ * _sDDetSM0_ _ELSE_ _cPDetSM0_ _ENDIF_,_sPDetSM0_ = _IF_ (_InitCalc_ _EQ_ _TRUE_) _THEN_ _cPDDet0_ * _sDDetSM0_ _ELSE_ _cPDetSM0_ _ENDIF_,TRUE,TRUE,TRUE
130,0,_sSiDetSM0_,_gSi_*_m_^-2,-,Detritus_Si_in_marsh_sediment,-,-1,_sSiDetSM0_ = _IF_ (_InitCalc_ _EQ_ _TRUE_) _THEN_ _cSiDDet0_ * _sDDetSM0_ _ELSE_ _cSiDetSM0_ _ENDIF_,_sSiDetSM0_ = _IF_ (_InitCalc_ _EQ_ _TRUE_) _THEN_ _cSiDDet0_ * _sDDetSM0_ _ELSE_ _cSiDetSM0_ _ENDIF_,_sSiDetSM0_ = _IF_ (_InitCalc_ _EQ_ _TRUE_) _THEN_ _cSiDDet0_ * _sDDetSM0_ _ELSE_ _cSiDetSM0_ _ENDIF_,_sSiDetSM0_ = _IF_ (_InitCalc_ _EQ_ _TRUE_) _THEN_ _cSiDDet0_ * _sDDetSM0_ _ELSE_ _cSiDetSM0_ _ENDIF_,TRUE,TRUE,TRUE
131,0,_sDHumSM0_,_gDW_*_m_^-2,-,Humus_DW_in_marsh_sediment,-,-1,_sDHumSM0_ = _IF_ (_InitCalc_ _EQ_ _TRUE_) _THEN_ (1.0 - _fDDetSM0_) * _fDOrgSM0_ * _bDTotSM0_ _ELSE_ _cDHumSM0_ _ENDIF_,_sDHumSM0_ = _IF_ (_InitCalc_ _EQ_ _TRUE_) _THEN_ (1.0 - _fDDetSM0_) * _fDOrgSM0_ * _bDTotSM0_ _ELSE_ _cDHumSM0_ _ENDIF_,_sDHumSM0_ = _IF_ (_InitCalc_ _EQ_ _TRUE_) _THEN_ (1.0 - _fDDetSM0_) * _fDOrgSM0_ * _bDTotSM0_ _ELSE_ _cDHumSM0_ _ENDIF_,_sDHumSM0_ = _IF_ (_InitCalc_ _EQ_ _TRUE_) _THEN_ (1.0 - _fDDetSM0_) * _fDOrgSM0_ * _bDTotSM0_ _ELSE_ _cDHumSM0_ _ENDIF_,TRUE,TRUE,TRUE
132,0,_sNHumSM0_,_gN_*_m_^-2,-,Humus_N_in_marsh_sediment,-,-1,_sNHumSM0_ = _IF_ (_InitCalc_ _EQ_ _TRUE_) _THEN_ _cNDHum0_ * _sDHumSM0_ _ELSE_ _cNHumSM0_ _ENDIF_,_sNHumSM0_ = _IF_ (_InitCalc_ _EQ_ _TRUE_) _THEN_ _cNDHum0_ * _sDHumSM0_ _ELSE_ _cNHumSM0_ _ENDIF_,_sNHumSM0_ = _IF_ (_InitCalc_ _EQ_ _TRUE_) _THEN_ _cNDHum0_ * _sDHumSM0_ _ELSE_ _cNHumSM0_ _ENDIF_,_sNHumSM0_ = _IF_ (_InitCalc_ _EQ_ _TRUE_) _THEN_ _cNDHum0_ * _sDHumSM0_ _ELSE_ _cNHumSM0_ _ENDIF_,TRUE,TRUE,TRUE
133,0,_sPHumSM0_,_gP_*_m_^-2,-,Humus_Pin_marsh_sediment,-,-1,_sPHumSM0_ = _IF_ (_InitCalc_ _EQ_ _TRUE_) _THEN_ _cPDHum0_ * _sDHumSM0_ _ELSE_ _cPHumSM0_ _ENDIF_,_sPHumSM0_ = _IF_ (_InitCalc_ _EQ_ _TRUE_) _THEN_ _cPDHum0_ * _sDHumSM0_ _ELSE_ _cPHumSM0_ _ENDIF_,_sPHumSM0_ = _IF_ (_InitCalc_ _EQ_ _TRUE_) _THEN_ _cPDHum0_ * _sDHumSM0_ _ELSE_ _cPHumSM0_ _ENDIF_,_sPHumSM0_ = _IF_ (_InitCalc_ _EQ_ _TRUE_) _THEN_ _cPDHum0_ * _sDHumSM0_ _ELSE_ _cPHumSM0_ _ENDIF_,TRUE,TRUE,TRUE
134,0,_sDIMSM0_,_gDW_*_m_^-2,-,Inorganic_matter_in_marsh_sediment,-,-1,_sDIMSM0_ = _IF_ (_InitCalc_ _EQ_ _TRUE_) _THEN_ _bDTotSM0_ - _sDHumSM0_ - _sDDetSM0_ _ELSE_ _cDIMSM0_ _ENDIF_,_sDIMSM0_ = _IF_ (_InitCalc_ _EQ_ _TRUE_) _THEN_ _bDTotSM0_ - _sDHumSM0_ - _sDDetSM0_ _ELSE_ _cDIMSM0_ _ENDIF_,_sDIMSM0_ = _IF_ (_InitCalc_ _EQ_ _TRUE_) _THEN_ _bDTotSM0_ - _sDHumSM0_ - _sDDetSM0_ _ELSE_ _cDIMSM0_ _ENDIF_,_sDIMSM0_ = _IF_ (_InitCalc_ _EQ_ _TRUE_) _THEN_ _bDTotSM0_ - _sDHumSM0_ - _sDDetSM0_ _ELSE_ _cDIMSM0_ _ENDIF_,TRUE,TRUE,TRUE
135,0,_sDRootPhra0_,_gDW_*_m_^-2,-,Root_biomass_DW_in_marsh_sediment,-,-1,_sDRootPhra0_ = _cDRootPhra0_,_sDRootPhra0_ = _cDRootPhra0_,_sDRootPhra0_ = _cDRootPhra0_,_sDRootPhra0_ = _cDRootPhra0_,TRUE,TRUE,TRUE
136,0,_sDShootPhra0_,_gDW_*_m_^-2,-,Shoot_biomass_DW_in_marsh_water,-,-1,_sDShootPhra0_ = _cDShootPhra0_,_sDShootPhra0_ = _cDShootPhra0_,_sDShootPhra0_ = _cDShootPhra0_,_sDShootPhra0_ = _cDShootPhra0_,TRUE,TRUE,TRUE
137,0,_sNRootPhra0_,_gN_*_m_^-2,-,Root_biomass_N_in_marsh_sediment,-,-1,_sNRootPhra0_ = _IF_ (_FALSE_ _EQ_ _InclMarsh_ _OR_ _fMarsh_ _LE_ _NearZero_) _THEN_ _cNRootPhra0_ _ELSE_ _cNDPhra0_ * _sDRootPhra0_ _ENDIF_,_sNRootPhra0_ = _IF_ (_FALSE_ _EQ_ _InclMarsh_ _OR_ _fMarsh_ _LE_ _NearZero_) _THEN_ _cNRootPhra0_ _ELSE_ _cNDPhra0_ * _sDRootPhra0_ _ENDIF_,_sNRootPhra0_ = _IF_ (_FALSE_ _EQ_ _InclMarsh_ _OR_ _fMarsh_ _LE_ _NearZero_) _THEN_ _cNRootPhra0_ _ELSE_ _cNDPhra0_ * _sDRootPhra0_ _ENDIF_,_sNRootPhra0_ = _IF_ (_FALSE_ _EQ_ _InclMarsh_ _OR_ _fMarsh_ _LE_ _NearZero_) _THEN_ _cNRootPhra0_ _ELSE_ _cNDPhra0_ * _sDRootPhra0_ _ENDIF_,TRUE,TRUE,TRUE
138,0,_sNShootPhra0_,_gN_*_m_^-2,-,Shoot_biomass_N_in_marsh_water,-,-1,_sNShootPhra0_ = _IF_ (_FALSE_ _EQ_ _InclMarsh_ _OR_ _fMarsh_ _LE_ _NearZero_) _THEN_ _cNShootPhra0_ _ELSE_ _cNDPhra0_ * _sDShootPhra0_ _ENDIF_,_sNShootPhra0_ = _IF_ (_FALSE_ _EQ_ _InclMarsh_ _OR_ _fMarsh_ _LE_ _NearZero_) _THEN_ _cNShootPhra0_ _ELSE_ _cNDPhra0_ * _sDShootPhra0_ _ENDIF_,_sNShootPhra0_ = _IF_ (_FALSE_ _EQ_ _InclMarsh_ _OR_ _fMarsh_ _LE_ _NearZero_) _THEN_ _cNShootPhra0_ _ELSE_ _cNDPhra0_ * _sDShootPhra0_ _ENDIF_,_sNShootPhra0_ = _IF_ (_FALSE_ _EQ_ _InclMarsh_ _OR_ _fMarsh_ _LE_ _NearZero_) _THEN_ _cNShootPhra0_ _ELSE_ _cNDPhra0_ * _sDShootPhra0_ _ENDIF_,TRUE,TRUE,TRUE
139,0,_sPRootPhra0_,_gP_*_m_^-2,-,Root_biomass_P_in_marsh_sediment,-,-1,_sPRootPhra0_ = _IF_ (_FALSE_ _EQ_ _InclMarsh_ _OR_ _fMarsh_ _LE_ _NearZero_) _THEN_ _cPRootPhra0_ _ELSE_ _cPDPhra0_ * _sDRootPhra0_ _ENDIF_,_sPRootPhra0_ = _IF_ (_FALSE_ _EQ_ _InclMarsh_ _OR_ _fMarsh_ _LE_ _NearZero_) _THEN_ _cPRootPhra0_ _ELSE_ _cPDPhra0_ * _sDRootPhra0_ _ENDIF_,_sPRootPhra0_ = _IF_ (_FALSE_ _EQ_ _InclMarsh_ _OR_ _fMarsh_ _LE_ _NearZero_) _THEN_ _cPRootPhra0_ _ELSE_ _cPDPhra0_ * _sDRootPhra0_ _ENDIF_,_sPRootPhra0_ = _IF_ (_FALSE_ _EQ_ _InclMarsh_ _OR_ _fMarsh_ _LE_ _NearZero_) _THEN_ _cPRootPhra0_ _ELSE_ _cPDPhra0_ * _sDRootPhra0_ _ENDIF_,TRUE,TRUE,TRUE
140,0,_sPShootPhra0_,_gP_*_m_^-2,-,Shoot_biomass_P_in_marsh_water,-,-1,_sPShootPhra0_ = _IF_ (_FALSE_ _EQ_ _InclMarsh_ _OR_ _fMarsh_ _LE_ _NearZero_) _THEN_ _cPShootPhra0_ _ELSE_ _cPDPhra0_ * _sDShootPhra0_ _ENDIF_,_sPShootPhra0_ = _IF_ (_FALSE_ _EQ_ _InclMarsh_ _OR_ _fMarsh_ _LE_ _NearZero_) _THEN_ _cPShootPhra0_ _ELSE_ _cPDPhra0_ * _sDShootPhra0_ _ENDIF_,_sPShootPhra0_ = _IF_ (_FALSE_ _EQ_ _InclMarsh_ _OR_ _fMarsh_ _LE_ _NearZero_) _THEN_ _cPShootPhra0_ _ELSE_ _cPDPhra0_ * _sDShootPhra0_ _ENDIF_,_sPShootPhra0_ = _IF_ (_FALSE_ _EQ_ _InclMarsh_ _OR_ _fMarsh_ _LE_ _NearZero_) _THEN_ _cPShootPhra0_ _ELSE_ _cPDPhra0_ * _sDShootPhra0_ _ENDIF_,TRUE,TRUE,TRUE
141,0,_uDPhytWHyp0_,_gDW_*_m_^-2,-,Total_initial_DW_in_phytoplankton_in_lake_water,-,-1,_uDPhytWHyp0_ = _sDDiatWHyp0_ + _sDGrenWHyp0_ + _sDBlueWHyp0_,_uDPhytWHyp0_ = _sDDiatWHyp0_ + _sDGrenWHyp0_ + _sDBlueWHyp0_,_uDPhytWHyp0_ = _sDDiatWHyp0_ + _sDGrenWHyp0_ + _sDBlueWHyp0_,_uDPhytWHyp0_ = _sDDiatWHyp0_ + _sDGrenWHyp0_ + _sDBlueWHyp0_,TRUE,TRUE,TRUE
142,0,_uDPhytWEpi0_,_gDW_*_m_^-2,-,Total_initial_DW_in_phytoplankton_in_lake_water,-,-1,_uDPhytWEpi0_ = _sDDiatWEpi0_ + _sDGrenWEpi0_ + _sDBlueWEpi0_,_uDPhytWEpi0_ = _sDDiatWEpi0_ + _sDGrenWEpi0_ + _sDBlueWEpi0_,_uDPhytWEpi0_ = _sDDiatWEpi0_ + _sDGrenWEpi0_ + _sDBlueWEpi0_,_uDPhytWEpi0_ = _sDDiatWEpi0_ + _sDGrenWEpi0_ + _sDBlueWEpi0_,TRUE,TRUE,TRUE
143,0,_uPPhytWHyp0_,_gP_*_m_^-2,-,Total_initial_P_in_phytoplankton_in_lake_water,-,-1,_uPPhytWHyp0_ = _sPDiatWHyp0_ + _sPGrenWHyp0_ + _sPBlueWHyp0_,_uPPhytWHyp0_ = _sPDiatWHyp0_ + _sPGrenWHyp0_ + _sPBlueWHyp0_,_uPPhytWHyp0_ = _sPDiatWHyp0_ + _sPGrenWHyp0_ + _sPBlueWHyp0_,_uPPhytWHyp0_ = _sPDiatWHyp0_ + _sPGrenWHyp0_ + _sPBlueWHyp0_,TRUE,TRUE,TRUE
144,0,_uPPhytWEpi0_,_gP_*_m_^-2,-,Total_initial_P_in_phytoplankton_in_lake_water,-,-1,_uPPhytWEpi0_ = _sPDiatWEpi0_ + _sPGrenWEpi0_ + _sPBlueWEpi0_,_uPPhytWEpi0_ = _sPDiatWEpi0_ + _sPGrenWEpi0_ + _sPBlueWEpi0_,_uPPhytWEpi0_ = _sPDiatWEpi0_ + _sPGrenWEpi0_ + _sPBlueWEpi0_,_uPPhytWEpi0_ = _sPDiatWEpi0_ + _sPGrenWEpi0_ + _sPBlueWEpi0_,TRUE,TRUE,TRUE
145,0,_uNPhytWHyp0_,_gN_*_m_^-2,-,Total_initial_N_in_phytoplankton_in_lake_water,-,-1,_uNPhytWHyp0_ = _sNDiatWHyp0_ + _sNGrenWHyp0_ + _sNBlueWHyp0_,_uNPhytWHyp0_ = _sNDiatWHyp0_ + _sNGrenWHyp0_ + _sNBlueWHyp0_,_uNPhytWHyp0_ = _sNDiatWHyp0_ + _sNGrenWHyp0_ + _sNBlueWHyp0_,_uNPhytWHyp0_ = _sNDiatWHyp0_ + _sNGrenWHyp0_ + _sNBlueWHyp0_,TRUE,TRUE,TRUE
146,0,_uNPhytWEpi0_,_gN_*_m_^-2,-,Total_initial_N_in_phytoplankton_in_lake_water,-,-1,_uNPhytWEpi0_ = _sNDiatWEpi0_ + _sNGrenWEpi0_ + _sNBlueWEpi0_,_uNPhytWEpi0_ = _sNDiatWEpi0_ + _sNGrenWEpi0_ + _sNBlueWEpi0_,_uNPhytWEpi0_ = _sNDiatWEpi0_ + _sNGrenWEpi0_ + _sNBlueWEpi0_,_uNPhytWEpi0_ = _sNDiatWEpi0_ + _sNGrenWEpi0_ + _sNBlueWEpi0_,TRUE,TRUE,TRUE
147,0,_uDPhytS0_,_gDW_*_m_^-2,-,Total_initial_DW_in_phytoplankton_in_lake_sediment,-,-1,_uDPhytS0_ = _sDDiatS0_ + _sDGrenS0_ + _sDBlueS0_,_uDPhytS0_ = _sDDiatS0_ + _sDGrenS0_ + _sDBlueS0_,_uDPhytS0_ = _sDDiatS0_ + _sDGrenS0_ + _sDBlueS0_,_uDPhytS0_ = _sDDiatS0_ + _sDGrenS0_ + _sDBlueS0_,TRUE,TRUE,TRUE
148,0,_uPPhytS0_,_gP_*_m_^-2,-,Total_initial_P_in_phytoplankton_in_lake_sediment,-,-1,_uPPhytS0_ = _sPDiatS0_ + _sPGrenS0_ + _sPBlueS0_,_uPPhytS0_ = _sPDiatS0_ + _sPGrenS0_ + _sPBlueS0_,_uPPhytS0_ = _sPDiatS0_ + _sPGrenS0_ + _sPBlueS0_,_uPPhytS0_ = _sPDiatS0_ + _sPGrenS0_ + _sPBlueS0_,TRUE,TRUE,TRUE
149,0,_uNPhytS0_,_gN_*_m_^-2,-,Total_initial_N_in_phytoplankton_in_lake_sediment,-,-1,_uNPhytS0_ = _sNDiatS0_ + _sNGrenS0_ + _sNBlueS0_,_uNPhytS0_ = _sNDiatS0_ + _sNGrenS0_ + _sNBlueS0_,_uNPhytS0_ = _sNDiatS0_ + _sNGrenS0_ + _sNBlueS0_,_uNPhytS0_ = _sNDiatS0_ + _sNGrenS0_ + _sNBlueS0_,TRUE,TRUE,TRUE
150,0,_uDPhytWM0_,_gDW_*_m_^-2,-,Total_initial_DW_in_phytoplankton_in_marsh_water,-,-1,_uDPhytWM0_ = _IF_ (_InitCalc_ _EQ_ _TRUE_) _THEN_ _uDPhytWEpi0_ _ELSE_ _sDGrenWM0_ + _sDDiatWM0_ + _sDBlueWM0_ _ENDIF_,_uDPhytWM0_ = _IF_ (_InitCalc_ _EQ_ _TRUE_) _THEN_ _uDPhytWEpi0_ _ELSE_ _sDGrenWM0_ + _sDDiatWM0_ + _sDBlueWM0_ _ENDIF_,_uDPhytWM0_ = _IF_ (_InitCalc_ _EQ_ _TRUE_) _THEN_ _uDPhytWEpi0_ _ELSE_ _sDGrenWM0_ + _sDDiatWM0_ + _sDBlueWM0_ _ENDIF_,_uDPhytWM0_ = _IF_ (_InitCalc_ _EQ_ _TRUE_) _THEN_ _uDPhytWEpi0_ _ELSE_ _sDGrenWM0_ + _sDDiatWM0_ + _sDBlueWM0_ _ENDIF_,TRUE,TRUE,TRUE
151,0,_uPPhytWM0_,_gP_*_m_^-2,-,Total_initial_P_in_phytoplankton_in_marsh_water,-,-1,_uPPhytWM0_ = _IF_ (_InitCalc_ _EQ_ _TRUE_) _THEN_ _uPPhytWEpi0_ _ELSE_ _sPGrenWM0_ + _sPDiatWM0_ + _sPBlueWM0_ _ENDIF_,_uPPhytWM0_ = _IF_ (_InitCalc_ _EQ_ _TRUE_) _THEN_ _uPPhytWEpi0_ _ELSE_ _sPGrenWM0_ + _sPDiatWM0_ + _sPBlueWM0_ _ENDIF_,_uPPhytWM0_ = _IF_ (_InitCalc_ _EQ_ _TRUE_) _THEN_ _uPPhytWEpi0_ _ELSE_ _sPGrenWM0_ + _sPDiatWM0_ + _sPBlueWM0_ _ENDIF_,_uPPhytWM0_ = _IF_ (_InitCalc_ _EQ_ _TRUE_) _THEN_ _uPPhytWEpi0_ _ELSE_ _sPGrenWM0_ + _sPDiatWM0_ + _sPBlueWM0_ _ENDIF_,TRUE,TRUE,TRUE
152,0,_uNPhytWM0_,_gN_*_m_^-2,-,Total_initial_N_in_phytoplankton_in_marsh_water,-,-1,_uNPhytWM0_ = _IF_ (_InitCalc_ _EQ_ _TRUE_) _THEN_ _uNPhytWEpi0_ _ELSE_ _sNGrenWM0_ + _sNDiatWM0_ + _sNBlueWM0_ _ENDIF_,_uNPhytWM0_ = _IF_ (_InitCalc_ _EQ_ _TRUE_) _THEN_ _uNPhytWEpi0_ _ELSE_ _sNGrenWM0_ + _sNDiatWM0_ + _sNBlueWM0_ _ENDIF_,_uNPhytWM0_ = _IF_ (_InitCalc_ _EQ_ _TRUE_) _THEN_ _uNPhytWEpi0_ _ELSE_ _sNGrenWM0_ + _sNDiatWM0_ + _sNBlueWM0_ _ENDIF_,_uNPhytWM0_ = _IF_ (_InitCalc_ _EQ_ _TRUE_) _THEN_ _uNPhytWEpi0_ _ELSE_ _sNGrenWM0_ + _sNDiatWM0_ + _sNBlueWM0_ _ENDIF_,TRUE,TRUE,TRUE
153,0,_uSiDiatWM0_,_gSi_*_m_^-2,-,Total_initial_Si_in_phytoplankton_in_marsh_water,-,-1,_uSiDiatWM0_ = _IF_ (_InitCalc_ _EQ_ _TRUE_) _THEN_ _cSiDDiat_ * _sDDiatWEpi0_ _ELSE_ _cSiDDiat_ * _sDDiatWM0_ _ENDIF_,_uSiDiatWM0_ = _IF_ (_InitCalc_ _EQ_ _TRUE_) _THEN_ _cSiDDiat_ * _sDDiatWEpi0_ _ELSE_ _cSiDDiat_ * _sDDiatWM0_ _ENDIF_,_uSiDiatWM0_ = _IF_ (_InitCalc_ _EQ_ _TRUE_) _THEN_ _cSiDDiat_ * _sDDiatWEpi0_ _ELSE_ _cSiDDiat_ * _sDDiatWM0_ _ENDIF_,_uSiDiatWM0_ = _IF_ (_InitCalc_ _EQ_ _TRUE_) _THEN_ _cSiDDiat_ * _sDDiatWEpi0_ _ELSE_ _cSiDDiat_ * _sDDiatWM0_ _ENDIF_,TRUE,TRUE,TRUE
154,0,_uDVeg0_,_gDW_*_m_^-2,-,Total_initial_DW_vegetation_in_the_lake,-,-1,_uDVeg0_ = _sDVeg0_,_uDVeg0_ = _sDVeg0_,_uDVeg0_ = _sDVeg0_,_uDVeg0_ = _sDVeg0_,TRUE,TRUE,TRUE
155,0,_uPVeg0_,_gP_*_m_^-2,-,Total_initial_P_vegetation_in_the_lake,-,-1,_uPVeg0_ = _sPVeg0_,_uPVeg0_ = _sPVeg0_,_uPVeg0_ = _sPVeg0_,_uPVeg0_ = _sPVeg0_,TRUE,TRUE,TRUE
156,0,_uNVeg0_,_gN_*_m_^-2,-,Total_initial_N_vegetation_in_the_lake,-,-1,_uNVeg0_ = _sNVeg0_,_uNVeg0_ = _sNVeg0_,_uNVeg0_ = _sNVeg0_,_uNVeg0_ = _sNVeg0_,TRUE,TRUE,TRUE
157,0,_uDFish0_,_gDW_*_m_^-2,-,Total_initial_DW_in_white_fish_in_the_lake,-,-1,_uDFish0_ = _sDFiJv0_ + _sDFiAd0_,_uDFish0_ = _sDFiJv0_ + _sDFiAd0_,_uDFish0_ = _sDFiJv0_ + _sDFiAd0_,_uDFish0_ = _sDFiJv0_ + _sDFiAd0_,TRUE,TRUE,TRUE
158,0,_uPFish0_,_gP_*_m_^-2,-,Total_initial_P_in_white_fish_in_the_lake,-,-1,_uPFish0_ = _sPFiJv0_ + _sPFiAd0_,_uPFish0_ = _sPFiJv0_ + _sPFiAd0_,_uPFish0_ = _sPFiJv0_ + _sPFiAd0_,_uPFish0_ = _sPFiJv0_ + _sPFiAd0_,TRUE,TRUE,TRUE
159,0,_uNFish0_,_gN_*_m_^-2,-,Total_initial_N_in_white_fish_in_the_lake,-,-1,_uNFish0_ = _sNFiJv0_ + _sNFiAd0_,_uNFish0_ = _sNFiJv0_ + _sNFiAd0_,_uNFish0_ = _sNFiJv0_ + _sNFiAd0_,_uNFish0_ = _sNFiJv0_ + _sNFiAd0_,TRUE,TRUE,TRUE
160,0,_uPPisc0_,_gP_*_m_^-2,-,Total_initial_P_in_pisc_Fish_in_the_lake,-,-1,_uPPisc0_ = _cPDPisc_ * _sDPisc0_,_uPPisc0_ = _cPDPisc_ * _sDPisc0_,_uPPisc0_ = _cPDPisc_ * _sDPisc0_,_uPPisc0_ = _cPDPisc_ * _sDPisc0_,TRUE,TRUE,TRUE
161,0,_uNPisc0_,_gN_*_m_^-2,-,Total_initial_N_in_pisc_Fish_in_the_lake,-,-1,_uNPisc0_ = _cNDPisc_ * _sDPisc0_,_uNPisc0_ = _cNDPisc_ * _sDPisc0_,_uNPisc0_ = _cNDPisc_ * _sDPisc0_,_uNPisc0_ = _cNDPisc_ * _sDPisc0_,TRUE,TRUE,TRUE
162,0,_uO2TotTHyp0_,_gO2_*_m_^-2,-,Total_initial_O2_in_the_marsh,-,-1,_uO2TotTHyp0_ = _IF_ (_aInclStrat0_ _EQ_ _TRUE_) _THEN_ (_sO2WHyp0_ ) * (_sDepthW0_ - _sMixDepthW0_) / _MassHyp0_ _ELSE_ 0.0 _ENDIF_,_uO2TotTHyp0_ = _IF_ (_aInclStrat0_ _EQ_ _TRUE_) _THEN_ (_sO2WHyp0_ ) * (_sDepthW0_ - _sMixDepthW0_) / _MassHyp0_ _ELSE_ 0.0 _ENDIF_,_uO2TotTHyp0_ = _IF_ (_aInclStrat0_ _EQ_ _TRUE_) _THEN_ (_sO2WHyp0_ ) * (_sDepthW0_ - _sMixDepthW0_) / _MassHyp0_ _ELSE_ 0.0 _ENDIF_,_uO2TotTHyp0_ = _IF_ (_aInclStrat0_ _EQ_ _TRUE_) _THEN_ (_sO2WHyp0_ ) * (_sDepthW0_ - _sMixDepthW0_) / _MassHyp0_ _ELSE_ 0.0 _ENDIF_,TRUE,TRUE,TRUE
163,0,_uDTotTHyp0_,_gDW_*_m_^-2,-,Total_initial_DW_in_the_lake,-,-1,_uDTotTHyp0_ = _IF_ (_aInclStrat0_ _EQ_ _TRUE_) _THEN_ (_sDIMWHyp0_ + _sDDetWHyp0_ + _uDPhytWHyp0_ + _sDZooHyp0_) * (_sDepthW0_ - _sMixDepthW0_) / _MassHyp0_ _ELSE_ 0.0 _ENDIF_,_uDTotTHyp0_ = _IF_ (_aInclStrat0_ _EQ_ _TRUE_) _THEN_ (_sDIMWHyp0_ + _sDDetWHyp0_ + _uDPhytWHyp0_ + _sDZooHyp0_) * (_sDepthW0_ - _sMixDepthW0_) / _MassHyp0_ _ELSE_ 0.0 _ENDIF_,_uDTotTHyp0_ = _IF_ (_aInclStrat0_ _EQ_ _TRUE_) _THEN_ (_sDIMWHyp0_ + _sDDetWHyp0_ + _uDPhytWHyp0_ + _sDZooHyp0_) * (_sDepthW0_ - _sMixDepthW0_) / _MassHyp0_ _ELSE_ 0.0 _ENDIF_,_uDTotTHyp0_ = _IF_ (_aInclStrat0_ _EQ_ _TRUE_) _THEN_ (_sDIMWHyp0_ + _sDDetWHyp0_ + _uDPhytWHyp0_ + _sDZooHyp0_) * (_sDepthW0_ - _sMixDepthW0_) / _MassHyp0_ _ELSE_ 0.0 _ENDIF_,TRUE,TRUE,TRUE
164,0,_uPTotTHyp0_,_gP_*_m_^-2,-,Total_initial_P_in_the_lake,-,-1,_uPTotTHyp0_ = _IF_ (_aInclStrat0_ _EQ_ _TRUE_) _THEN_ (_sPO4WHyp0_ + _sPDetWHyp0_ + _sPAIMWHyp0_ + _uPPhytWHyp0_ + _sPZooHyp0_) * (_sDepthW0_ - _sMixDepthW0_) / _MassHyp0_ _ELSE_ 0.0 _ENDIF_,_uPTotTHyp0_ = _IF_ (_aInclStrat0_ _EQ_ _TRUE_) _THEN_ (_sPO4WHyp0_ + _sPDetWHyp0_ + _sPAIMWHyp0_ + _uPPhytWHyp0_ + _sPZooHyp0_) * (_sDepthW0_ - _sMixDepthW0_) / _MassHyp0_ _ELSE_ 0.0 _ENDIF_,_uPTotTHyp0_ = _IF_ (_aInclStrat0_ _EQ_ _TRUE_) _THEN_ (_sPO4WHyp0_ + _sPDetWHyp0_ + _sPAIMWHyp0_ + _uPPhytWHyp0_ + _sPZooHyp0_) * (_sDepthW0_ - _sMixDepthW0_) / _MassHyp0_ _ELSE_ 0.0 _ENDIF_,_uPTotTHyp0_ = _IF_ (_aInclStrat0_ _EQ_ _TRUE_) _THEN_ (_sPO4WHyp0_ + _sPDetWHyp0_ + _sPAIMWHyp0_ + _uPPhytWHyp0_ + _sPZooHyp0_) * (_sDepthW0_ - _sMixDepthW0_) / _MassHyp0_ _ELSE_ 0.0 _ENDIF_,TRUE,TRUE,TRUE
165,0,_uNTotTHyp0_,_gN_*_m_^-2,-,Total_initial_N_in_the_lake,-,-1,_uNTotTHyp0_ = _IF_ (_aInclStrat0_ _EQ_ _TRUE_) _THEN_ (_sNH4WHyp0_ + _sNO3WHyp0_ + _sNDetWHyp0_ + _uNPhytWHyp0_ + _sNZooHyp0_) * (_sDepthW0_ - _sMixDepthW0_) / _MassHyp0_ _ELSE_ 0.0 _ENDIF_ ,_uNTotTHyp0_ = _IF_ (_aInclStrat0_ _EQ_ _TRUE_) _THEN_ (_sNH4WHyp0_ + _sNO3WHyp0_ + _sNDetWHyp0_ + _uNPhytWHyp0_ + _sNZooHyp0_) * (_sDepthW0_ - _sMixDepthW0_) / _MassHyp0_ _ELSE_ 0.0 _ENDIF_ ,_uNTotTHyp0_ = _IF_ (_aInclStrat0_ _EQ_ _TRUE_) _THEN_ (_sNH4WHyp0_ + _sNO3WHyp0_ + _sNDetWHyp0_ + _uNPhytWHyp0_ + _sNZooHyp0_) * (_sDepthW0_ - _sMixDepthW0_) / _MassHyp0_ _ELSE_ 0.0 _ENDIF_ ,_uNTotTHyp0_ = _IF_ (_aInclStrat0_ _EQ_ _TRUE_) _THEN_ (_sNH4WHyp0_ + _sNO3WHyp0_ + _sNDetWHyp0_ + _uNPhytWHyp0_ + _sNZooHyp0_) * (_sDepthW0_ - _sMixDepthW0_) / _MassHyp0_ _ELSE_ 0.0 _ENDIF_ ,TRUE,TRUE,TRUE
166,0,_uSiTotTHyp0_,_gSi_*_m_^-2,-,Total_initial_Si_in_the_lake,-,-1,_uSiTotTHyp0_ = _IF_ (_aInclStrat0_ _EQ_ _TRUE_) _THEN_ (_sSiO2WHyp0_ + _sSiDetWHyp0_ + _cSiDDiat_ * _sDDiatWHyp0_) * (_sDepthW0_ - _sMixDepthW0_) / _MassHyp0_ _ELSE_ 0.0 _ENDIF_,_uSiTotTHyp0_ = _IF_ (_aInclStrat0_ _EQ_ _TRUE_) _THEN_ (_sSiO2WHyp0_ + _sSiDetWHyp0_ + _cSiDDiat_ * _sDDiatWHyp0_) * (_sDepthW0_ - _sMixDepthW0_) / _MassHyp0_ _ELSE_ 0.0 _ENDIF_,_uSiTotTHyp0_ = _IF_ (_aInclStrat0_ _EQ_ _TRUE_) _THEN_ (_sSiO2WHyp0_ + _sSiDetWHyp0_ + _cSiDDiat_ * _sDDiatWHyp0_) * (_sDepthW0_ - _sMixDepthW0_) / _MassHyp0_ _ELSE_ 0.0 _ENDIF_,_uSiTotTHyp0_ = _IF_ (_aInclStrat0_ _EQ_ _TRUE_) _THEN_ (_sSiO2WHyp0_ + _sSiDetWHyp0_ + _cSiDDiat_ * _sDDiatWHyp0_) * (_sDepthW0_ - _sMixDepthW0_) / _MassHyp0_ _ELSE_ 0.0 _ENDIF_,TRUE,TRUE,TRUE
167,0,_uDTotTSurf0_,_gDW_*_m_^-2,-,Total_initial_DW_at_the_surface,-,-1,_uDTotTSurf0_ = _IF_ (_InclSurf_ _EQ_ _TRUE_) _THEN_ _sDBlueSurf0_ _ELSE_ 0.0 _ENDIF_,_uDTotTSurf0_ = _IF_ (_InclSurf_ _EQ_ _TRUE_) _THEN_ _sDBlueSurf0_ _ELSE_ 0.0 _ENDIF_,_uDTotTSurf0_ = _IF_ (_InclSurf_ _EQ_ _TRUE_) _THEN_ _sDBlueSurf0_ _ELSE_ 0.0 _ENDIF_,_uDTotTSurf0_ = _IF_ (_InclSurf_ _EQ_ _TRUE_) _THEN_ _sDBlueSurf0_ _ELSE_ 0.0 _ENDIF_,TRUE,TRUE,TRUE
168,0,_uPTotTSurf0_,_gP_*_m_^-2,-,Total_initial_P_at_the_surface,-,-1,_uPTotTSurf0_ = _IF_ (_InclSurf_ _EQ_ _TRUE_) _THEN_ _sPBlueSurf0_ _ELSE_ 0.0 _ENDIF_,_uPTotTSurf0_ = _IF_ (_InclSurf_ _EQ_ _TRUE_) _THEN_ _sPBlueSurf0_ _ELSE_ 0.0 _ENDIF_,_uPTotTSurf0_ = _IF_ (_InclSurf_ _EQ_ _TRUE_) _THEN_ _sPBlueSurf0_ _ELSE_ 0.0 _ENDIF_,_uPTotTSurf0_ = _IF_ (_InclSurf_ _EQ_ _TRUE_) _THEN_ _sPBlueSurf0_ _ELSE_ 0.0 _ENDIF_,TRUE,TRUE,TRUE
169,0,_uNTotTSurf0_,_gN_*_m_^-2,-,Total_initial_N_at_the_surface,-,-1,_uNTotTSurf0_ = _IF_ (_InclSurf_ _EQ_ _TRUE_) _THEN_ _sNBlueSurf0_ _ELSE_ 0.0 _ENDIF_,_uNTotTSurf0_ = _IF_ (_InclSurf_ _EQ_ _TRUE_) _THEN_ _sNBlueSurf0_ _ELSE_ 0.0 _ENDIF_,_uNTotTSurf0_ = _IF_ (_InclSurf_ _EQ_ _TRUE_) _THEN_ _sNBlueSurf0_ _ELSE_ 0.0 _ENDIF_,_uNTotTSurf0_ = _IF_ (_InclSurf_ _EQ_ _TRUE_) _THEN_ _sNBlueSurf0_ _ELSE_ 0.0 _ENDIF_,TRUE,TRUE,TRUE
170,0,_uDTotM0_,_gDW_*_m_^-2,-,Total_initial_DW_in_the_marsh,-,-1,_uDTotM0_ = _IF_ (_FALSE_ _EQ_ _InclMarsh_ _OR_ _fMarsh_ _LE_ _NearZero_) _THEN_ 0.0 _ELSE_ ((_sDIMWM0_ + _sDDetWM0_ + _uDPhytWM0_ + _sDZooM0_) * _sDepthWM0_ / _MassWM0_ + _sDIMSM0_ + _sDHumSM0_ + _sDDetSM0_ + _sDShootPhra0_ + _sDRootPhra0_) * _fMarsh_ _ENDIF_,_uDTotM0_ = _IF_ (_FALSE_ _EQ_ _InclMarsh_ _OR_ _fMarsh_ _LE_ _NearZero_) _THEN_ 0.0 _ELSE_ ((_sDIMWM0_ + _sDDetWM0_ + _uDPhytWM0_ + _sDZooM0_) * _sDepthWM0_ / _MassWM0_ + _sDIMSM0_ + _sDHumSM0_ + _sDDetSM0_ + _sDShootPhra0_ + _sDRootPhra0_) * _fMarsh_ _ENDIF_,_uDTotM0_ = _IF_ (_FALSE_ _EQ_ _InclMarsh_ _OR_ _fMarsh_ _LE_ _NearZero_) _THEN_ 0.0 _ELSE_ ((_sDIMWM0_ + _sDDetWM0_ + _uDPhytWM0_ + _sDZooM0_) * _sDepthWM0_ / _MassWM0_ + _sDIMSM0_ + _sDHumSM0_ + _sDDetSM0_ + _sDShootPhra0_ + _sDRootPhra0_) * _fMarsh_ _ENDIF_,_uDTotM0_ = _IF_ (_FALSE_ _EQ_ _InclMarsh_ _OR_ _fMarsh_ _LE_ _NearZero_) _THEN_ 0.0 _ELSE_ ((_sDIMWM0_ + _sDDetWM0_ + _uDPhytWM0_ + _sDZooM0_) * _sDepthWM0_ / _MassWM0_ + _sDIMSM0_ + _sDHumSM0_ + _sDDetSM0_ + _sDShootPhra0_ + _sDRootPhra0_) * _fMarsh_ _ENDIF_,TRUE,TRUE,TRUE
171,0,_uPTotM0_,_gP_*_m_^-2,-,Total_initial_P_in_the_marsh,-,-1,_uPTotM0_ = _IF_ (_FALSE_ _EQ_ _InclMarsh_ _OR_ _fMarsh_ _LE_ _NearZero_) _THEN_ 0.0 _ELSE_ ((_sPO4WM0_ + _sPDetWM0_ + _sPAIMWM0_ + _uPPhytWM0_ + _sPZooM0_) * _sDepthWM0_ / _MassWM0_ + _sPO4SM0_ + _sPDetSM0_ + _sPHumSM0_ + _sPAIMSM0_ + _sPShootPhra0_ + _sPRootPhra0_) * _fMarsh_ _ENDIF_,_uPTotM0_ = _IF_ (_FALSE_ _EQ_ _InclMarsh_ _OR_ _fMarsh_ _LE_ _NearZero_) _THEN_ 0.0 _ELSE_ ((_sPO4WM0_ + _sPDetWM0_ + _sPAIMWM0_ + _uPPhytWM0_ + _sPZooM0_) * _sDepthWM0_ / _MassWM0_ + _sPO4SM0_ + _sPDetSM0_ + _sPHumSM0_ + _sPAIMSM0_ + _sPShootPhra0_ + _sPRootPhra0_) * _fMarsh_ _ENDIF_,_uPTotM0_ = _IF_ (_FALSE_ _EQ_ _InclMarsh_ _OR_ _fMarsh_ _LE_ _NearZero_) _THEN_ 0.0 _ELSE_ ((_sPO4WM0_ + _sPDetWM0_ + _sPAIMWM0_ + _uPPhytWM0_ + _sPZooM0_) * _sDepthWM0_ / _MassWM0_ + _sPO4SM0_ + _sPDetSM0_ + _sPHumSM0_ + _sPAIMSM0_ + _sPShootPhra0_ + _sPRootPhra0_) * _fMarsh_ _ENDIF_,_uPTotM0_ = _IF_ (_FALSE_ _EQ_ _InclMarsh_ _OR_ _fMarsh_ _LE_ _NearZero_) _THEN_ 0.0 _ELSE_ ((_sPO4WM0_ + _sPDetWM0_ + _sPAIMWM0_ + _uPPhytWM0_ + _sPZooM0_) * _sDepthWM0_ / _MassWM0_ + _sPO4SM0_ + _sPDetSM0_ + _sPHumSM0_ + _sPAIMSM0_ + _sPShootPhra0_ + _sPRootPhra0_) * _fMarsh_ _ENDIF_,TRUE,TRUE,TRUE
172,0,_uNTotM0_,_gN_*_m_^-2,-,Total_initial_N_in_the_marsh,-,-1,_uNTotM0_ = _IF_ (_FALSE_ _EQ_ _InclMarsh_ _OR_ _fMarsh_ _LE_ _NearZero_) _THEN_ 0.0 _ELSE_ ((_sNH4WM0_ + _sNO3WM0_ + _sNDetWM0_ + _uNPhytWM0_ + _sNZooM0_) * _sDepthWM0_ / _MassWM0_ + _sNH4SM0_ + _sNO3SM0_ + _sNHumSM0_ + _sNDetSM0_ + _sNShootPhra0_ + _sNRootPhra0_) * _fMarsh_ _ENDIF_,_uNTotM0_ = _IF_ (_FALSE_ _EQ_ _InclMarsh_ _OR_ _fMarsh_ _LE_ _NearZero_) _THEN_ 0.0 _ELSE_ ((_sNH4WM0_ + _sNO3WM0_ + _sNDetWM0_ + _uNPhytWM0_ + _sNZooM0_) * _sDepthWM0_ / _MassWM0_ + _sNH4SM0_ + _sNO3SM0_ + _sNHumSM0_ + _sNDetSM0_ + _sNShootPhra0_ + _sNRootPhra0_) * _fMarsh_ _ENDIF_,_uNTotM0_ = _IF_ (_FALSE_ _EQ_ _InclMarsh_ _OR_ _fMarsh_ _LE_ _NearZero_) _THEN_ 0.0 _ELSE_ ((_sNH4WM0_ + _sNO3WM0_ + _sNDetWM0_ + _uNPhytWM0_ + _sNZooM0_) * _sDepthWM0_ / _MassWM0_ + _sNH4SM0_ + _sNO3SM0_ + _sNHumSM0_ + _sNDetSM0_ + _sNShootPhra0_ + _sNRootPhra0_) * _fMarsh_ _ENDIF_,_uNTotM0_ = _IF_ (_FALSE_ _EQ_ _InclMarsh_ _OR_ _fMarsh_ _LE_ _NearZero_) _THEN_ 0.0 _ELSE_ ((_sNH4WM0_ + _sNO3WM0_ + _sNDetWM0_ + _uNPhytWM0_ + _sNZooM0_) * _sDepthWM0_ / _MassWM0_ + _sNH4SM0_ + _sNO3SM0_ + _sNHumSM0_ + _sNDetSM0_ + _sNShootPhra0_ + _sNRootPhra0_) * _fMarsh_ _ENDIF_,TRUE,TRUE,TRUE
173,0,_uSiTotM0_,_gSi_*_m_^-2,-,Total_initial_Si_in_the_marsh,-,-1,_uSiTotM0_ = _IF_ (_FALSE_ _EQ_ _InclMarsh_ _OR_ _fMarsh_ _LE_ _NearZero_) _THEN_ 0.0 _ELSE_ ((_sSiO2WM0_ + _sSiDetWM0_ + _uSiDiatWM0_) * _sDepthWM0_ / _MassWM0_ + _sSiDetSM0_) * _fMarsh_ _ENDIF_,_uSiTotM0_ = _IF_ (_FALSE_ _EQ_ _InclMarsh_ _OR_ _fMarsh_ _LE_ _NearZero_) _THEN_ 0.0 _ELSE_ ((_sSiO2WM0_ + _sSiDetWM0_ + _uSiDiatWM0_) * _sDepthWM0_ / _MassWM0_ + _sSiDetSM0_) * _fMarsh_ _ENDIF_,_uSiTotM0_ = _IF_ (_FALSE_ _EQ_ _InclMarsh_ _OR_ _fMarsh_ _LE_ _NearZero_) _THEN_ 0.0 _ELSE_ ((_sSiO2WM0_ + _sSiDetWM0_ + _uSiDiatWM0_) * _sDepthWM0_ / _MassWM0_ + _sSiDetSM0_) * _fMarsh_ _ENDIF_,_uSiTotM0_ = _IF_ (_FALSE_ _EQ_ _InclMarsh_ _OR_ _fMarsh_ _LE_ _NearZero_) _THEN_ 0.0 _ELSE_ ((_sSiO2WM0_ + _sSiDetWM0_ + _uSiDiatWM0_) * _sDepthWM0_ / _MassWM0_ + _sSiDetSM0_) * _fMarsh_ _ENDIF_,TRUE,TRUE,TRUE
174,0,_uO2TotM0_,_gO2_*_m_^-2,-,Total_initial_Si_in_the_marsh,-,-1,_uO2TotM0_ = _IF_ (_FALSE_ _EQ_ _InclMarsh_ _OR_ _fMarsh_ _LE_ _NearZero_) _THEN_ 0.0 _ELSE_ ((_sO2WM0_) * _sDepthWM0_ / _MassWM0_ ) * _fMarsh_ _ENDIF_,_uO2TotM0_ = _IF_ (_FALSE_ _EQ_ _InclMarsh_ _OR_ _fMarsh_ _LE_ _NearZero_) _THEN_ 0.0 _ELSE_ ((_sO2WM0_) * _sDepthWM0_ / _MassWM0_ ) * _fMarsh_ _ENDIF_,_uO2TotM0_ = _IF_ (_FALSE_ _EQ_ _InclMarsh_ _OR_ _fMarsh_ _LE_ _NearZero_) _THEN_ 0.0 _ELSE_ ((_sO2WM0_) * _sDepthWM0_ / _MassWM0_ ) * _fMarsh_ _ENDIF_,_uO2TotM0_ = _IF_ (_FALSE_ _EQ_ _InclMarsh_ _OR_ _fMarsh_ _LE_ _NearZero_) _THEN_ 0.0 _ELSE_ ((_sO2WM0_) * _sDepthWM0_ / _MassWM0_ ) * _fMarsh_ _ENDIF_,TRUE,TRUE,TRUE
175,0,_uO2TotT0_,_gO2_*_m_^-2,-,Total_initial_O2_in_the_marsh,-,-1,_uO2TotT0_ = _IF_  _sDepthW0_ _GE_ _sMixDepthW0_ _THEN_ _uO2TotTHyp0_ + ( _sO2WEpi0_) * _sMixDepthW0_ / _MassEpi0_ + _uO2TotM0_  _ELSE_ ( _sO2WEpi0_) *_sDepthW0_ / _MassEpi0_ + _uO2TotM0_  _ENDIF_ ,_uO2TotT0_ = _IF_  _sDepthW0_ _GE_ _sMixDepthW0_ _THEN_ _uO2TotTHyp0_ + ( _sO2WEpi0_) * _sMixDepthW0_ / _MassEpi0_ + _uO2TotM0_  _ELSE_ ( _sO2WEpi0_) *_sDepthW0_ / _MassEpi0_ + _uO2TotM0_  _ENDIF_ ,_uO2TotT0_ = _IF_  _sDepthW0_ _GE_ _sMixDepthW0_ _THEN_ _uO2TotTHyp0_ + ( _sO2WEpi0_) * _sMixDepthW0_ / _MassEpi0_ + _uO2TotM0_  _ELSE_ ( _sO2WEpi0_) *_sDepthW0_ / _MassEpi0_ + _uO2TotM0_  _ENDIF_ ,_uO2TotT0_ = _IF_  _sDepthW0_ _GE_ _sMixDepthW0_ _THEN_ _uO2TotTHyp0_ + ( _sO2WEpi0_) * _sMixDepthW0_ / _MassEpi0_ + _uO2TotM0_  _ELSE_ ( _sO2WEpi0_) *_sDepthW0_ / _MassEpi0_ + _uO2TotM0_  _ENDIF_ ,TRUE,TRUE,TRUE
176,0,_uDTotT0_,_gDW_*_m_^-2,-,Total_initial_DW_in_the_lake,-,-1,_uDTotT0_ = _IF_  _sDepthW0_ _GE_ _sMixDepthW0_ _THEN_ _uDTotTHyp0_ + (_sDIMWEpi0_ + _sDDetWEpi0_ + _uDPhytWEpi0_ + _sDZooEpi0_) * _sMixDepthW0_ / _MassEpi0_ + _uDVeg0_ + _sDIMS0_ + _sDHumS0_ + _sDDetS0_ + _uDPhytS0_ + _uDFish0_ + _sDPisc0_ + _sDBent0_ + _uDTotM0_ + _uDTotTSurf0_ _ELSE_ (_sDIMWEpi0_ + _sDDetWEpi0_ + _uDPhytWEpi0_ + _sDZooEpi0_) * _sDepthW0_ / _MassEpi0_ + _uDVeg0_ + _sDIMS0_ + _sDHumS0_ + _sDDetS0_ + _uDPhytS0_ + _uDFish0_ + _sDPisc0_ + _sDBent0_ + _uDTotM0_ + _uDTotTSurf0_ _ENDIF_ ,_uDTotT0_ = _IF_  _sDepthW0_ _GE_ _sMixDepthW0_ _THEN_ _uDTotTHyp0_ + (_sDIMWEpi0_ + _sDDetWEpi0_ + _uDPhytWEpi0_ + _sDZooEpi0_) * _sMixDepthW0_ / _MassEpi0_ + _uDVeg0_ + _sDIMS0_ + _sDHumS0_ + _sDDetS0_ + _uDPhytS0_ + _uDFish0_ + _sDPisc0_ + _sDBent0_ + _uDTotM0_ + _uDTotTSurf0_ _ELSE_ (_sDIMWEpi0_ + _sDDetWEpi0_ + _uDPhytWEpi0_ + _sDZooEpi0_) * _sDepthW0_ / _MassEpi0_ + _uDVeg0_ + _sDIMS0_ + _sDHumS0_ + _sDDetS0_ + _uDPhytS0_ + _uDFish0_ + _sDPisc0_ + _sDBent0_ + _uDTotM0_ + _uDTotTSurf0_ _ENDIF_ ,_uDTotT0_ = _IF_  _sDepthW0_ _GE_ _sMixDepthW0_ _THEN_ _uDTotTHyp0_ + (_sDIMWEpi0_ + _sDDetWEpi0_ + _uDPhytWEpi0_ + _sDZooEpi0_) * _sMixDepthW0_ / _MassEpi0_ + _uDVeg0_ + _sDIMS0_ + _sDHumS0_ + _sDDetS0_ + _uDPhytS0_ + _uDFish0_ + _sDPisc0_ + _sDBent0_ + _uDTotM0_ + _uDTotTSurf0_ _ELSE_ (_sDIMWEpi0_ + _sDDetWEpi0_ + _uDPhytWEpi0_ + _sDZooEpi0_) * _sDepthW0_ / _MassEpi0_ + _uDVeg0_ + _sDIMS0_ + _sDHumS0_ + _sDDetS0_ + _uDPhytS0_ + _uDFish0_ + _sDPisc0_ + _sDBent0_ + _uDTotM0_ + _uDTotTSurf0_ _ENDIF_ ,_uDTotT0_ = _IF_  _sDepthW0_ _GE_ _sMixDepthW0_ _THEN_ _uDTotTHyp0_ + (_sDIMWEpi0_ + _sDDetWEpi0_ + _uDPhytWEpi0_ + _sDZooEpi0_) * _sMixDepthW0_ / _MassEpi0_ + _uDVeg0_ + _sDIMS0_ + _sDHumS0_ + _sDDetS0_ + _uDPhytS0_ + _uDFish0_ + _sDPisc0_ + _sDBent0_ + _uDTotM0_ + _uDTotTSurf0_ _ELSE_ (_sDIMWEpi0_ + _sDDetWEpi0_ + _uDPhytWEpi0_ + _sDZooEpi0_) * _sDepthW0_ / _MassEpi0_ + _uDVeg0_ + _sDIMS0_ + _sDHumS0_ + _sDDetS0_ + _uDPhytS0_ + _uDFish0_ + _sDPisc0_ + _sDBent0_ + _uDTotM0_ + _uDTotTSurf0_ _ENDIF_ ,TRUE,TRUE,TRUE
177,0,_uPTotT0_,_gP_*_m_^-2,-,Total_initial_P_in_the_lake,-,-1,_uPTotT0_ = _IF_  _sDepthW0_ _GE_ _sMixDepthW0_ _THEN_ _uPTotTHyp0_ + (_sPO4WEpi0_ + _sPDetWEpi0_ + _sPAIMWEpi0_ + _uPPhytWEpi0_ + _sPZooEpi0_) * _sMixDepthW0_ / _MassEpi0_+ _uPVeg0_ + _sPO4S0_ + _sPDetS0_ + _sPAIMS0_ + _sPHumS0_ + _uPPhytS0_ + _uPFish0_ + _uPPisc0_ + _sPBent0_ + _uPTotM0_  + _uPTotTSurf0_ _ELSE_ + (_sPO4WEpi0_ + _sPDetWEpi0_ + _sPAIMWEpi0_ + _uPPhytWEpi0_ + _sPZooEpi0_) * _sDepthW0_ / _MassEpi0_+ _uPVeg0_ + _sPO4S0_ + _sPDetS0_ + _sPAIMS0_ + _sPHumS0_ + _uPPhytS0_ + _uPFish0_ + _uPPisc0_ + _sPBent0_ + _uPTotM0_  + _uPTotTSurf0_ _ENDIF_  ,_uPTotT0_ = _IF_  _sDepthW0_ _GE_ _sMixDepthW0_ _THEN_ _uPTotTHyp0_ + (_sPO4WEpi0_ + _sPDetWEpi0_ + _sPAIMWEpi0_ + _uPPhytWEpi0_ + _sPZooEpi0_) * _sMixDepthW0_ / _MassEpi0_+ _uPVeg0_ + _sPO4S0_ + _sPDetS0_ + _sPAIMS0_ + _sPHumS0_ + _uPPhytS0_ + _uPFish0_ + _uPPisc0_ + _sPBent0_ + _uPTotM0_  + _uPTotTSurf0_ _ELSE_ + (_sPO4WEpi0_ + _sPDetWEpi0_ + _sPAIMWEpi0_ + _uPPhytWEpi0_ + _sPZooEpi0_) * _sDepthW0_ / _MassEpi0_+ _uPVeg0_ + _sPO4S0_ + _sPDetS0_ + _sPAIMS0_ + _sPHumS0_ + _uPPhytS0_ + _uPFish0_ + _uPPisc0_ + _sPBent0_ + _uPTotM0_  + _uPTotTSurf0_ _ENDIF_  ,_uPTotT0_ = _IF_  _sDepthW0_ _GE_ _sMixDepthW0_ _THEN_ _uPTotTHyp0_ + (_sPO4WEpi0_ + _sPDetWEpi0_ + _sPAIMWEpi0_ + _uPPhytWEpi0_ + _sPZooEpi0_) * _sMixDepthW0_ / _MassEpi0_+ _uPVeg0_ + _sPO4S0_ + _sPDetS0_ + _sPAIMS0_ + _sPHumS0_ + _uPPhytS0_ + _uPFish0_ + _uPPisc0_ + _sPBent0_ + _uPTotM0_  + _uPTotTSurf0_ _ELSE_ + (_sPO4WEpi0_ + _sPDetWEpi0_ + _sPAIMWEpi0_ + _uPPhytWEpi0_ + _sPZooEpi0_) * _sDepthW0_ / _MassEpi0_+ _uPVeg0_ + _sPO4S0_ + _sPDetS0_ + _sPAIMS0_ + _sPHumS0_ + _uPPhytS0_ + _uPFish0_ + _uPPisc0_ + _sPBent0_ + _uPTotM0_  + _uPTotTSurf0_ _ENDIF_  ,_uPTotT0_ = _IF_  _sDepthW0_ _GE_ _sMixDepthW0_ _THEN_ _uPTotTHyp0_ + (_sPO4WEpi0_ + _sPDetWEpi0_ + _sPAIMWEpi0_ + _uPPhytWEpi0_ + _sPZooEpi0_) * _sMixDepthW0_ / _MassEpi0_+ _uPVeg0_ + _sPO4S0_ + _sPDetS0_ + _sPAIMS0_ + _sPHumS0_ + _uPPhytS0_ + _uPFish0_ + _uPPisc0_ + _sPBent0_ + _uPTotM0_  + _uPTotTSurf0_ _ELSE_ + (_sPO4WEpi0_ + _sPDetWEpi0_ + _sPAIMWEpi0_ + _uPPhytWEpi0_ + _sPZooEpi0_) * _sDepthW0_ / _MassEpi0_+ _uPVeg0_ + _sPO4S0_ + _sPDetS0_ + _sPAIMS0_ + _sPHumS0_ + _uPPhytS0_ + _uPFish0_ + _uPPisc0_ + _sPBent0_ + _uPTotM0_  + _uPTotTSurf0_ _ENDIF_  ,TRUE,TRUE,TRUE
178,0,_uNTotT0_,_gN_*_m_^-2,-,Total_initial_N_in_the_lake,-,-1,_uNTotT0_ =  _IF_  _sDepthW0_ _GE_ _sMixDepthW0_ _THEN_  _uNTotTHyp0_ + (_sNH4WEpi0_ + _sNO3WEpi0_ + _sNDetWEpi0_ + _uNPhytWEpi0_ + _sNZooEpi0_) * _sMixDepthW0_ / _MassEpi0_ + _uNVeg0_ + _sNH4S0_ + _sNO3S0_ + _sNDetS0_ + _uNPhytS0_ + _sNHumS0_ + _uNFish0_ + _uNPisc0_ + _sNBent0_ + _uNTotM0_  + _uNTotTSurf0_ _ELSE_   (_sNH4WEpi0_ + _sNO3WEpi0_ + _sNDetWEpi0_ + _uNPhytWEpi0_ + _sNZooEpi0_) * _sDepthW0_ / _MassEpi0_ + _uNVeg0_ + _sNH4S0_ + _sNO3S0_ + _sNDetS0_ + _uNPhytS0_ + _sNHumS0_ + _uNFish0_ + _uNPisc0_ + _sNBent0_ + _uNTotM0_  + _uNTotTSurf0_ _ENDIF_,_uNTotT0_ =  _IF_  _sDepthW0_ _GE_ _sMixDepthW0_ _THEN_  _uNTotTHyp0_ + (_sNH4WEpi0_ + _sNO3WEpi0_ + _sNDetWEpi0_ + _uNPhytWEpi0_ + _sNZooEpi0_) * _sMixDepthW0_ / _MassEpi0_ + _uNVeg0_ + _sNH4S0_ + _sNO3S0_ + _sNDetS0_ + _uNPhytS0_ + _sNHumS0_ + _uNFish0_ + _uNPisc0_ + _sNBent0_ + _uNTotM0_  + _uNTotTSurf0_ _ELSE_   (_sNH4WEpi0_ + _sNO3WEpi0_ + _sNDetWEpi0_ + _uNPhytWEpi0_ + _sNZooEpi0_) * _sDepthW0_ / _MassEpi0_ + _uNVeg0_ + _sNH4S0_ + _sNO3S0_ + _sNDetS0_ + _uNPhytS0_ + _sNHumS0_ + _uNFish0_ + _uNPisc0_ + _sNBent0_ + _uNTotM0_  + _uNTotTSurf0_ _ENDIF_,_uNTotT0_ =  _IF_  _sDepthW0_ _GE_ _sMixDepthW0_ _THEN_  _uNTotTHyp0_ + (_sNH4WEpi0_ + _sNO3WEpi0_ + _sNDetWEpi0_ + _uNPhytWEpi0_ + _sNZooEpi0_) * _sMixDepthW0_ / _MassEpi0_ + _uNVeg0_ + _sNH4S0_ + _sNO3S0_ + _sNDetS0_ + _uNPhytS0_ + _sNHumS0_ + _uNFish0_ + _uNPisc0_ + _sNBent0_ + _uNTotM0_  + _uNTotTSurf0_ _ELSE_   (_sNH4WEpi0_ + _sNO3WEpi0_ + _sNDetWEpi0_ + _uNPhytWEpi0_ + _sNZooEpi0_) * _sDepthW0_ / _MassEpi0_ + _uNVeg0_ + _sNH4S0_ + _sNO3S0_ + _sNDetS0_ + _uNPhytS0_ + _sNHumS0_ + _uNFish0_ + _uNPisc0_ + _sNBent0_ + _uNTotM0_  + _uNTotTSurf0_ _ENDIF_,_uNTotT0_ =  _IF_  _sDepthW0_ _GE_ _sMixDepthW0_ _THEN_  _uNTotTHyp0_ + (_sNH4WEpi0_ + _sNO3WEpi0_ + _sNDetWEpi0_ + _uNPhytWEpi0_ + _sNZooEpi0_) * _sMixDepthW0_ / _MassEpi0_ + _uNVeg0_ + _sNH4S0_ + _sNO3S0_ + _sNDetS0_ + _uNPhytS0_ + _sNHumS0_ + _uNFish0_ + _uNPisc0_ + _sNBent0_ + _uNTotM0_  + _uNTotTSurf0_ _ELSE_   (_sNH4WEpi0_ + _sNO3WEpi0_ + _sNDetWEpi0_ + _uNPhytWEpi0_ + _sNZooEpi0_) * _sDepthW0_ / _MassEpi0_ + _uNVeg0_ + _sNH4S0_ + _sNO3S0_ + _sNDetS0_ + _uNPhytS0_ + _sNHumS0_ + _uNFish0_ + _uNPisc0_ + _sNBent0_ + _uNTotM0_  + _uNTotTSurf0_ _ENDIF_,TRUE,TRUE,TRUE
179,0,_uSiTotT0_,_gSi_*_m_^-2,-,Total_initial_Si_in_the_lake,-,-1,_uSiTotT0_ = _IF_  _sDepthW0_ _GE_ _sMixDepthW0_ _THEN_ _uSiTotTHyp0_+ (_sSiO2WEpi0_ + _sSiDetWEpi0_ + _cSiDDiat_ * _sDDiatWEpi0_) * _sMixDepthW0_ / _MassEpi0_ + _sSiDetS0_ + _cSiDDiat_*_sDDiatS0_ + _uSiTotM0_  _ELSE_ (_sSiO2WEpi0_ + _sSiDetWEpi0_ + _cSiDDiat_ * _sDDiatWEpi0_) * _sDepthW0_ / _MassEpi0_ + _sSiDetS0_ + _cSiDDiat_*_sDDiatS0_ + _uSiTotM0_  _ENDIF_ ,_uSiTotT0_ = _IF_  _sDepthW0_ _GE_ _sMixDepthW0_ _THEN_ _uSiTotTHyp0_+ (_sSiO2WEpi0_ + _sSiDetWEpi0_ + _cSiDDiat_ * _sDDiatWEpi0_) * _sMixDepthW0_ / _MassEpi0_ + _sSiDetS0_ + _cSiDDiat_*_sDDiatS0_ + _uSiTotM0_  _ELSE_ (_sSiO2WEpi0_ + _sSiDetWEpi0_ + _cSiDDiat_ * _sDDiatWEpi0_) * _sDepthW0_ / _MassEpi0_ + _sSiDetS0_ + _cSiDDiat_*_sDDiatS0_ + _uSiTotM0_  _ENDIF_ ,_uSiTotT0_ = _IF_  _sDepthW0_ _GE_ _sMixDepthW0_ _THEN_ _uSiTotTHyp0_+ (_sSiO2WEpi0_ + _sSiDetWEpi0_ + _cSiDDiat_ * _sDDiatWEpi0_) * _sMixDepthW0_ / _MassEpi0_ + _sSiDetS0_ + _cSiDDiat_*_sDDiatS0_ + _uSiTotM0_  _ELSE_ (_sSiO2WEpi0_ + _sSiDetWEpi0_ + _cSiDDiat_ * _sDDiatWEpi0_) * _sDepthW0_ / _MassEpi0_ + _sSiDetS0_ + _cSiDDiat_*_sDDiatS0_ + _uSiTotM0_  _ENDIF_ ,_uSiTotT0_ = _IF_  _sDepthW0_ _GE_ _sMixDepthW0_ _THEN_ _uSiTotTHyp0_+ (_sSiO2WEpi0_ + _sSiDetWEpi0_ + _cSiDDiat_ * _sDDiatWEpi0_) * _sMixDepthW0_ / _MassEpi0_ + _sSiDetS0_ + _cSiDDiat_*_sDDiatS0_ + _uSiTotM0_  _ELSE_ (_sSiO2WEpi0_ + _sSiDetWEpi0_ + _cSiDDiat_ * _sDDiatWEpi0_) * _sDepthW0_ / _MassEpi0_ + _sSiDetS0_ + _cSiDDiat_*_sDDiatS0_ + _uSiTotM0_  _ENDIF_ ,TRUE,TRUE,TRUE
180,0,_sDExtTotT0_,_gDW_*_m_^-2,-,Total_amount_of_DW_moved_into_or_out_from_the_system,-,-1,_sDExtTotT0_ = _uDTotT0_,_sDExtTotT0_ = _uDTotT0_,_sDExtTotT0_ = _uDTotT0_,_sDExtTotT0_ = _uDTotT0_,TRUE,TRUE,TRUE
181,0,_sNExtTotT0_,_gN_*_m_^-2,-,Total_amount_of_N_moved_into_or_out_from_the_system,-,-1,_sNExtTotT0_ = _uNTotT0_,_sNExtTotT0_ = _uNTotT0_,_sNExtTotT0_ = _uNTotT0_,_sNExtTotT0_ = _uNTotT0_,TRUE,TRUE,TRUE
182,0,_sPExtTotT0_,_gP_*_m_^-2,-,Total_amount_of_P_moved_into_or_out_from_the_system,-,-1,_sPExtTotT0_ = _uPTotT0_,_sPExtTotT0_ = _uPTotT0_,_sPExtTotT0_ = _uPTotT0_,_sPExtTotT0_ = _uPTotT0_,TRUE,TRUE,TRUE
183,0,_sSiExtTotT0_,_gSi_*_m_^-2,-,Total_amount_of_Si_moved_into_or_out_from_the_system,-,-1,_sSiExtTotT0_ = _uSiTotT0_,_sSiExtTotT0_ = _uSiTotT0_,_sSiExtTotT0_ = _uSiTotT0_,_sSiExtTotT0_ = _uSiTotT0_,TRUE,TRUE,TRUE
184,0,_sO2ExtTotT0_,_gO2_*_m_^-2,-,Total_amount_of_O2_moved_into_or_out_from_the_system,-,-1,_sO2ExtTotT0_ = _uO2TotT0_,_sO2ExtTotT0_ = _uO2TotT0_,_sO2ExtTotT0_ = _uO2TotT0_,_sO2ExtTotT0_ = _uO2TotT0_,TRUE,TRUE,TRUE
-1,,,,,,,,,,,,,,
